"stack","root","parent","status","template_resources","physical_entries","lambda","appsync","dynamodb_native","dynamodb_custom","cognito","s3","iam","custom","nested","outputs"
"amplify-d2cux232bpa951-Demo-branch-e6d14a69-amplifyDataAmplifyTableManagerNestedStackA-1XPCIKO48E5IY","amplify-d2cux232bpa951-Demo-branch-e6d14a6927","amplify-d2cux232bpa951-Demo-branch-e6d14a6927-data7552DF31-HPK4IGEJV5ID","CREATE_COMPLETE","9","9","2","0","0","0","0","0","5","0","0","1"
"amplify-d2cux232bpa951-Demo-branch-e6d14a69-amplifyDataApplicationAnswerNestedStackApp-86EPEO9LUE9B","amplify-d2cux232bpa951-Demo-branch-e6d14a6927","amplify-d2cux232bpa951-Demo-branch-e6d14a6927-data7552DF31-HPK4IGEJV5ID","CREATE_COMPLETE","42","42","0","39","0","1","0","0","1","1","0","4"
"amplify-d2cux232bpa951-Demo-branch-e6d14a69-amplifyDataApplicationAuditEventNestedStac-BB0YG475T92T","amplify-d2cux232bpa951-Demo-branch-e6d14a6927","amplify-d2cux232bpa951-Demo-branch-e6d14a6927-data7552DF31-HPK4IGEJV5ID","CREATE_COMPLETE","42","42","0","39","0","1","0","0","1","1","0","4"
"amplify-d2cux232bpa951-Demo-branch-e6d14a69-amplifyDataApplicationCreatorProfileNested-86L9D176ARFC","amplify-d2cux232bpa951-Demo-branch-e6d14a6927","amplify-d2cux232bpa951-Demo-branch-e6d14a6927-data7552DF31-HPK4IGEJV5ID","CREATE_COMPLETE","42","42","0","39","0","1","0","0","1","1","0","4"
"amplify-d2cux232bpa951-Demo-branch-e6d14a69-amplifyDataApplicationIdempotencyNestedSta-RE1BQEE2AFEP","amplify-d2cux232bpa951-Demo-branch-e6d14a6927","amplify-d2cux232bpa951-Demo-branch-e6d14a6927-data7552DF31-HPK4IGEJV5ID","CREATE_COMPLETE","38","38","0","35","0","1","0","0","1","1","0","2"
"amplify-d2cux232bpa951-Demo-branch-e6d14a69-amplifyDataApplicationPublicRateLimitNeste-Z3UMH2GN05O4","amplify-d2cux232bpa951-Demo-branch-e6d14a6927","amplify-d2cux232bpa951-Demo-branch-e6d14a6927-data7552DF31-HPK4IGEJV5ID","CREATE_COMPLETE","38","38","0","35","0","1","0","0","1","1","0","2"
"amplify-d2cux232bpa951-Demo-branch-e6d14a69-amplifyDataApplicationScheduleNestedStackA-1NJ1XUCAYXWB9","amplify-d2cux232bpa951-Demo-branch-e6d14a6927","amplify-d2cux232bpa951-Demo-branch-e6d14a6927-data7552DF31-HPK4IGEJV5ID","CREATE_COMPLETE","42","42","0","39","0","1","0","0","1","1","0","4"
"amplify-d2cux232bpa951-Demo-branch-e6d14a69-amplifyDataApplicationSubmissionNestedStac-1AT22KLF5M3K8","amplify-d2cux232bpa951-Demo-branch-e6d14a6927","amplify-d2cux232bpa951-Demo-branch-e6d14a6927-data7552DF31-HPK4IGEJV5ID","CREATE_COMPLETE","50","50","0","47","0","1","0","0","1","1","0","4"
"amplify-d2cux232bpa951-Demo-branch-e6d14a69-amplifyDataBoardPermissionRuleNestedStackB-2VEDWTE4WXVM","amplify-d2cux232bpa951-Demo-branch-e6d14a6927","amplify-d2cux232bpa951-Demo-branch-e6d14a6927-data7552DF31-HPK4IGEJV5ID","CREATE_COMPLETE","38","38","0","35","0","1","0","0","1","1","0","4"
"amplify-d2cux232bpa951-Demo-branch-e6d14a69-amplifyDataBrandAccessNestedStackBrandAcce-9AG6SBCQ57YU","amplify-d2cux232bpa951-Demo-branch-e6d14a6927","amplify-d2cux232bpa951-Demo-branch-e6d14a6927-data7552DF31-HPK4IGEJV5ID","CREATE_COMPLETE","38","38","0","35","0","1","0","0","1","1","0","4"
"amplify-d2cux232bpa951-Demo-branch-e6d14a69-amplifyDataBrandAccessPermissionNestedStac-XEC7HJGZNC4W","amplify-d2cux232bpa951-Demo-branch-e6d14a6927","amplify-d2cux232bpa951-Demo-branch-e6d14a6927-data7552DF31-HPK4IGEJV5ID","CREATE_COMPLETE","38","38","0","35","0","1","0","0","1","1","0","4"
"amplify-d2cux232bpa951-Demo-branch-e6d14a69-amplifyDataBrandNestedStackBrandNestedStac-B78YHC2XFHAP","amplify-d2cux232bpa951-Demo-branch-e6d14a6927","amplify-d2cux232bpa951-Demo-branch-e6d14a6927-data7552DF31-HPK4IGEJV5ID","CREATE_COMPLETE","38","38","0","35","0","1","0","0","1","1","0","4"
"amplify-d2cux232bpa951-Demo-branch-e6d14a69-amplifyDataConnectionStackNestedStackConne-2DK7YP2DMXN5","amplify-d2cux232bpa951-Demo-branch-e6d14a6927","amplify-d2cux232bpa951-Demo-branch-e6d14a6927-data7552DF31-HPK4IGEJV5ID","CREATE_COMPLETE","109","109","0","108","0","0","0","0","0","0","0","0"
"amplify-d2cux232bpa951-Demo-branch-e6d14a69-amplifyDataDiscordBotConfigurationNestedSt-FKGJFH6J9H81","amplify-d2cux232bpa951-Demo-branch-e6d14a6927","amplify-d2cux232bpa951-Demo-branch-e6d14a6927-data7552DF31-HPK4IGEJV5ID","CREATE_COMPLETE","38","38","0","35","0","1","0","0","1","1","0","2"
"amplify-d2cux232bpa951-Demo-branch-e6d14a69-amplifyDataEventNestedStackEventNestedStac-2U9WXIYV31CX","amplify-d2cux232bpa951-Demo-branch-e6d14a6927","amplify-d2cux232bpa951-Demo-branch-e6d14a6927-data7552DF31-HPK4IGEJV5ID","CREATE_COMPLETE","38","38","0","35","0","1","0","0","1","1","0","2"
"amplify-d2cux232bpa951-Demo-branch-e6d14a69-amplifyDataEventSuggestionNestedStackEvent-1DDC67SQGWORZ","amplify-d2cux232bpa951-Demo-branch-e6d14a6927","amplify-d2cux232bpa951-Demo-branch-e6d14a6927-data7552DF31-HPK4IGEJV5ID","CREATE_COMPLETE","40","40","0","37","0","1","0","0","1","1","0","2"
"amplify-d2cux232bpa951-Demo-branch-e6d14a69-amplifyDataEventTagNestedStackEventTagNest-1R68MVC61PL23","amplify-d2cux232bpa951-Demo-branch-e6d14a6927","amplify-d2cux232bpa951-Demo-branch-e6d14a6927-data7552DF31-HPK4IGEJV5ID","CREATE_COMPLETE","38","38","0","35","0","1","0","0","1","1","0","2"
"amplify-d2cux232bpa951-Demo-branch-e6d14a69-amplifyDataForumActivityNestedStackForumAc-13JUFT4MIJZFO","amplify-d2cux232bpa951-Demo-branch-e6d14a6927","amplify-d2cux232bpa951-Demo-branch-e6d14a6927-data7552DF31-HPK4IGEJV5ID","CREATE_COMPLETE","40","40","0","37","0","1","0","0","1","1","0","2"
"amplify-d2cux232bpa951-Demo-branch-e6d14a69-amplifyDataForumBoardNestedStackForumBoard-GF51J9HOOUKO","amplify-d2cux232bpa951-Demo-branch-e6d14a6927","amplify-d2cux232bpa951-Demo-branch-e6d14a6927-data7552DF31-HPK4IGEJV5ID","CREATE_COMPLETE","38","38","0","35","0","1","0","0","1","1","0","4"
"amplify-d2cux232bpa951-Demo-branch-e6d14a69-amplifyDataForumCategoryNestedStackForumCa-YSM3PIUZD6L1","amplify-d2cux232bpa951-Demo-branch-e6d14a6927","amplify-d2cux232bpa951-Demo-branch-e6d14a6927-data7552DF31-HPK4IGEJV5ID","CREATE_COMPLETE","38","38","0","35","0","1","0","0","1","1","0","4"
"amplify-d2cux232bpa951-Demo-branch-e6d14a69-amplifyDataForumPostNestedStackForumPostNe-8AIXEFUNBDV3","amplify-d2cux232bpa951-Demo-branch-e6d14a6927","amplify-d2cux232bpa951-Demo-branch-e6d14a6927-data7552DF31-HPK4IGEJV5ID","CREATE_COMPLETE","41","41","0","38","0","1","0","0","1","1","0","4"
"amplify-d2cux232bpa951-Demo-branch-e6d14a69-amplifyDataForumThreadNestedStackForumThre-13PV5Y2GPBM0K","amplify-d2cux232bpa951-Demo-branch-e6d14a6927","amplify-d2cux232bpa951-Demo-branch-e6d14a6927-data7552DF31-HPK4IGEJV5ID","CREATE_COMPLETE","41","41","0","38","0","1","0","0","1","1","0","4"
"amplify-d2cux232bpa951-Demo-branch-e6d14a69-amplifyDataFulfillmentOrderNestedStackFulf-JBWPG8OW6XF2","amplify-d2cux232bpa951-Demo-branch-e6d14a6927","amplify-d2cux232bpa951-Demo-branch-e6d14a6927-data7552DF31-HPK4IGEJV5ID","CREATE_COMPLETE","38","38","0","35","0","1","0","0","1","1","0","2"
"amplify-d2cux232bpa951-Demo-branch-e6d14a69-amplifyDataFunctionDirectiveStackNestedSta-KGT4TIF4G252","amplify-d2cux232bpa951-Demo-branch-e6d14a6927","amplify-d2cux232bpa951-Demo-branch-e6d14a6927-data7552DF31-HPK4IGEJV5ID","CREATE_COMPLETE","355","355","0","236","0","0","0","0","118","0","0","0"
"amplify-d2cux232bpa951-Demo-branch-e6d14a69-amplifyDataGroupPermissionNestedStackGroup-102NYXDJLYND3","amplify-d2cux232bpa951-Demo-branch-e6d14a6927","amplify-d2cux232bpa951-Demo-branch-e6d14a6927-data7552DF31-HPK4IGEJV5ID","CREATE_COMPLETE","38","38","0","35","0","1","0","0","1","1","0","2"
"amplify-d2cux232bpa951-Demo-branch-e6d14a69-amplifyDataMediaCollectionNestedStackMedia-1P5RLWAND492A","amplify-d2cux232bpa951-Demo-branch-e6d14a6927","amplify-d2cux232bpa951-Demo-branch-e6d14a6927-data7552DF31-HPK4IGEJV5ID","CREATE_COMPLETE","38","38","0","35","0","1","0","0","1","1","0","4"
"amplify-d2cux232bpa951-Demo-branch-e6d14a69-amplifyDataMediaItemNestedStackMediaItemNe-QRZ4J63O3EIX","amplify-d2cux232bpa951-Demo-branch-e6d14a6927","amplify-d2cux232bpa951-Demo-branch-e6d14a6927-data7552DF31-HPK4IGEJV5ID","CREATE_COMPLETE","38","38","0","35","0","1","0","0","1","1","0","4"
"amplify-d2cux232bpa951-Demo-branch-e6d14a69-amplifyDataMerchCategoryNestedStackMerchCa-1FTE17TONW2O","amplify-d2cux232bpa951-Demo-branch-e6d14a6927","amplify-d2cux232bpa951-Demo-branch-e6d14a6927-data7552DF31-HPK4IGEJV5ID","CREATE_COMPLETE","38","38","0","35","0","1","0","0","1","1","0","4"
"amplify-d2cux232bpa951-Demo-branch-e6d14a69-amplifyDataMerchProductBrandNestedStackMer-2IQE8TSY7IC8","amplify-d2cux232bpa951-Demo-branch-e6d14a6927","amplify-d2cux232bpa951-Demo-branch-e6d14a6927-data7552DF31-HPK4IGEJV5ID","CREATE_COMPLETE","38","38","0","35","0","1","0","0","1","1","0","4"
"amplify-d2cux232bpa951-Demo-branch-e6d14a69-amplifyDataMerchProductCategoryNestedStack-1082XUAXB5FI0","amplify-d2cux232bpa951-Demo-branch-e6d14a6927","amplify-d2cux232bpa951-Demo-branch-e6d14a6927-data7552DF31-HPK4IGEJV5ID","CREATE_COMPLETE","38","38","0","35","0","1","0","0","1","1","0","4"
"amplify-d2cux232bpa951-Demo-branch-e6d14a69-amplifyDataMerchProductImageNestedStackMer-G58WA4NI1PYT","amplify-d2cux232bpa951-Demo-branch-e6d14a6927","amplify-d2cux232bpa951-Demo-branch-e6d14a6927-data7552DF31-HPK4IGEJV5ID","CREATE_COMPLETE","38","38","0","35","0","1","0","0","1","1","0","4"
"amplify-d2cux232bpa951-Demo-branch-e6d14a69-amplifyDataMerchProductNestedStackMerchPro-UQRSSS6LE7AQ","amplify-d2cux232bpa951-Demo-branch-e6d14a6927","amplify-d2cux232bpa951-Demo-branch-e6d14a6927-data7552DF31-HPK4IGEJV5ID","CREATE_COMPLETE","38","38","0","35","0","1","0","0","1","1","0","4"
"amplify-d2cux232bpa951-Demo-branch-e6d14a69-amplifyDataMerchProductVariantNestedStackM-1KWVM8YSTZTEF","amplify-d2cux232bpa951-Demo-branch-e6d14a6927","amplify-d2cux232bpa951-Demo-branch-e6d14a6927-data7552DF31-HPK4IGEJV5ID","CREATE_COMPLETE","38","38","0","35","0","1","0","0","1","1","0","4"
"amplify-d2cux232bpa951-Demo-branch-e6d14a69-amplifyDataPermissionAuditEventNestedStack-1VKUG54O55X0Q","amplify-d2cux232bpa951-Demo-branch-e6d14a6927","amplify-d2cux232bpa951-Demo-branch-e6d14a6927-data7552DF31-HPK4IGEJV5ID","CREATE_COMPLETE","38","38","0","35","0","1","0","0","1","1","0","2"
"amplify-d2cux232bpa951-Demo-branch-e6d14a69-amplifyDataPermissionDefinitionNestedStack-ZQG2EKJ9ZDNS","amplify-d2cux232bpa951-Demo-branch-e6d14a6927","amplify-d2cux232bpa951-Demo-branch-e6d14a6927-data7552DF31-HPK4IGEJV5ID","CREATE_COMPLETE","38","38","0","35","0","1","0","0","1","1","0","2"
"amplify-d2cux232bpa951-Demo-branch-e6d14a69-amplifyDataTwitchCommandNestedStackTwitchC-1FYBZ6G0VKM0X","amplify-d2cux232bpa951-Demo-branch-e6d14a6927","amplify-d2cux232bpa951-Demo-branch-e6d14a6927-data7552DF31-HPK4IGEJV5ID","CREATE_COMPLETE","38","38","0","35","0","1","0","0","1","1","0","2"
"amplify-d2cux232bpa951-Demo-branch-e6d14a69-amplifyDataTwitchIntegrationNestedStackTwi-217NDS572M8T","amplify-d2cux232bpa951-Demo-branch-e6d14a6927","amplify-d2cux232bpa951-Demo-branch-e6d14a6927-data7552DF31-HPK4IGEJV5ID","CREATE_COMPLETE","38","38","0","35","0","1","0","0","1","1","0","2"
"amplify-d2cux232bpa951-Demo-branch-e6d14a69-amplifyDataTwitchOAuthTransactionNestedSta-1BSW0VBNHYWJ","amplify-d2cux232bpa951-Demo-branch-e6d14a6927","amplify-d2cux232bpa951-Demo-branch-e6d14a6927-data7552DF31-HPK4IGEJV5ID","CREATE_COMPLETE","38","38","0","35","0","1","0","0","1","1","0","2"
"amplify-d2cux232bpa951-Demo-branch-e6d14a69-amplifyDataTwitchRuntimeHealthNestedStackT-12GAB1MS9UURU","amplify-d2cux232bpa951-Demo-branch-e6d14a6927","amplify-d2cux232bpa951-Demo-branch-e6d14a6927-data7552DF31-HPK4IGEJV5ID","CREATE_COMPLETE","43","43","0","40","0","1","0","0","1","1","0","2"
"amplify-d2cux232bpa951-Demo-branch-e6d14a69-amplifyDataTwitchTokenVaultNestedStackTwit-1DVR9AHPLSEBG","amplify-d2cux232bpa951-Demo-branch-e6d14a6927","amplify-d2cux232bpa951-Demo-branch-e6d14a6927-data7552DF31-HPK4IGEJV5ID","CREATE_COMPLETE","43","43","0","40","0","1","0","0","1","1","0","2"
"amplify-d2cux232bpa951-Demo-branch-e6d14a69-amplifyDataUserProfileNestedStackUserProfi-BYNH3L5LP426","amplify-d2cux232bpa951-Demo-branch-e6d14a6927","amplify-d2cux232bpa951-Demo-branch-e6d14a6927-data7552DF31-HPK4IGEJV5ID","CREATE_COMPLETE","41","41","0","38","0","1","0","0","1","1","0","2"
"amplify-d2cux232bpa951-Demo-branch-e6d14a6927","amplify-d2cux232bpa951-Demo-branch-e6d14a6927","","CREATE_COMPLETE","12","12","2","0","0","0","0","0","4","1","4","35"
"amplify-d2cux232bpa951-Demo-branch-e6d14a6927-apistack7B433BC7-1ABM1WKEOZIM7","amplify-d2cux232bpa951-Demo-branch-e6d14a6927","amplify-d2cux232bpa951-Demo-branch-e6d14a6927","CREATE_COMPLETE","42","42","0","0","0","0","0","0","0","0","0","1"
"amplify-d2cux232bpa951-Demo-branch-e6d14a6927-auth179371D7-1XWJRVLMLOUID","amplify-d2cux232bpa951-Demo-branch-e6d14a6927","amplify-d2cux232bpa951-Demo-branch-e6d14a6927","CREATE_COMPLETE","37","37","2","0","0","0","14","0","18","0","0","12"
"amplify-d2cux232bpa951-Demo-branch-e6d14a6927-data7552DF31-HPK4IGEJV5ID","amplify-d2cux232bpa951-Demo-branch-e6d14a6927","amplify-d2cux232bpa951-Demo-branch-e6d14a6927","CREATE_COMPLETE","72","72","3","4","0","0","0","4","7","4","41","6"
"amplify-d2cux232bpa951-Demo-branch-e6d14a6927-storage0EC3F24A-YK99LT0BEOWR","amplify-d2cux232bpa951-Demo-branch-e6d14a6927","amplify-d2cux232bpa951-Demo-branch-e6d14a6927","CREATE_COMPLETE","12","12","1","0","0","0","0","2","6","1","0","1"
"amplify-d2cux232bpa951-development-branch-62707e873c","amplify-d2cux232bpa951-development-branch-62707e873c","","ROLLBACK_COMPLETE","12","9","2","0","0","0","0","0","4","1","4","35"
"amplify-d2cux232bpa951-master-branch-53ef67-amplifyDataAlphaServiceNonceNestedStackAlp-L930UU05NJ3B","amplify-d2cux232bpa951-master-branch-53ef67772a","amplify-d2cux232bpa951-master-branch-53ef67772a-data7552DF31-1O7UWRQP5A8D3","UPDATE_COMPLETE","43","43","0","40","0","1","0","0","1","1","0","2"
"amplify-d2cux232bpa951-master-branch-53ef67-amplifyDataAmplifyTableManagerNestedStackA-ADST837VTJKV","amplify-d2cux232bpa951-master-branch-53ef67772a","amplify-d2cux232bpa951-master-branch-53ef67772a-data7552DF31-1O7UWRQP5A8D3","UPDATE_COMPLETE","9","9","2","0","0","0","0","0","5","0","0","1"
"amplify-d2cux232bpa951-master-branch-53ef67-amplifyDataApplicationAnswerNestedStackApp-1HTNOGVPP9U6S","amplify-d2cux232bpa951-master-branch-53ef67772a","amplify-d2cux232bpa951-master-branch-53ef67772a-data7552DF31-1O7UWRQP5A8D3","UPDATE_COMPLETE","42","42","0","39","0","1","0","0","1","1","0","4"
"amplify-d2cux232bpa951-master-branch-53ef67-amplifyDataApplicationAuditEventNestedStac-129BEXNLXEZLK","amplify-d2cux232bpa951-master-branch-53ef67772a","amplify-d2cux232bpa951-master-branch-53ef67772a-data7552DF31-1O7UWRQP5A8D3","UPDATE_COMPLETE","42","42","0","39","0","1","0","0","1","1","0","4"
"amplify-d2cux232bpa951-master-branch-53ef67-amplifyDataApplicationCreatorProfileNested-XNZRSOR82QE","amplify-d2cux232bpa951-master-branch-53ef67772a","amplify-d2cux232bpa951-master-branch-53ef67772a-data7552DF31-1O7UWRQP5A8D3","UPDATE_COMPLETE","42","42","0","39","0","1","0","0","1","1","0","4"
"amplify-d2cux232bpa951-master-branch-53ef67-amplifyDataApplicationIdempotencyNestedSta-HTBVK7BC9H9X","amplify-d2cux232bpa951-master-branch-53ef67772a","amplify-d2cux232bpa951-master-branch-53ef67772a-data7552DF31-1O7UWRQP5A8D3","UPDATE_COMPLETE","38","38","0","35","0","1","0","0","1","1","0","2"
"amplify-d2cux232bpa951-master-branch-53ef67-amplifyDataApplicationPublicRateLimitNeste-1EE2GD4KEWJOP","amplify-d2cux232bpa951-master-branch-53ef67772a","amplify-d2cux232bpa951-master-branch-53ef67772a-data7552DF31-1O7UWRQP5A8D3","UPDATE_COMPLETE","38","38","0","35","0","1","0","0","1","1","0","2"
"amplify-d2cux232bpa951-master-branch-53ef67-amplifyDataApplicationScheduleNestedStackA-126TP3QU4WTAT","amplify-d2cux232bpa951-master-branch-53ef67772a","amplify-d2cux232bpa951-master-branch-53ef67772a-data7552DF31-1O7UWRQP5A8D3","UPDATE_COMPLETE","42","42","0","39","0","1","0","0","1","1","0","4"
"amplify-d2cux232bpa951-master-branch-53ef67-amplifyDataApplicationSubmissionNestedStac-I6YILZNDYE57","amplify-d2cux232bpa951-master-branch-53ef67772a","amplify-d2cux232bpa951-master-branch-53ef67772a-data7552DF31-1O7UWRQP5A8D3","UPDATE_COMPLETE","50","50","0","47","0","1","0","0","1","1","0","4"
"amplify-d2cux232bpa951-master-branch-53ef67-amplifyDataBoardPermissionRuleNestedStackB-KWYH39D83S1K","amplify-d2cux232bpa951-master-branch-53ef67772a","amplify-d2cux232bpa951-master-branch-53ef67772a-data7552DF31-1O7UWRQP5A8D3","UPDATE_COMPLETE","38","38","0","35","0","1","0","0","1","1","0","4"
"amplify-d2cux232bpa951-master-branch-53ef67-amplifyDataBrandAccessNestedStackBrandAcce-7RW31ZUAOX7P","amplify-d2cux232bpa951-master-branch-53ef67772a","amplify-d2cux232bpa951-master-branch-53ef67772a-data7552DF31-1O7UWRQP5A8D3","UPDATE_COMPLETE","38","38","0","35","0","1","0","0","1","1","0","4"
"amplify-d2cux232bpa951-master-branch-53ef67-amplifyDataBrandAccessPermissionNestedStac-8C31YUS97H4E","amplify-d2cux232bpa951-master-branch-53ef67772a","amplify-d2cux232bpa951-master-branch-53ef67772a-data7552DF31-1O7UWRQP5A8D3","UPDATE_COMPLETE","38","38","0","35","0","1","0","0","1","1","0","4"
"amplify-d2cux232bpa951-master-branch-53ef67-amplifyDataBrandNestedStackBrandNestedStac-E94GT900VNJP","amplify-d2cux232bpa951-master-branch-53ef67772a","amplify-d2cux232bpa951-master-branch-53ef67772a-data7552DF31-1O7UWRQP5A8D3","UPDATE_COMPLETE","38","38","0","35","0","1","0","0","1","1","0","4"
"amplify-d2cux232bpa951-master-branch-53ef67-amplifyDataConnectionStackNestedStackConne-FR2Q4D0NCOL9","amplify-d2cux232bpa951-master-branch-53ef67772a","amplify-d2cux232bpa951-master-branch-53ef67772a-data7552DF31-1O7UWRQP5A8D3","UPDATE_COMPLETE","109","109","0","108","0","0","0","0","0","0","0","0"
"amplify-d2cux232bpa951-master-branch-53ef67-amplifyDataCreatorWorkspaceRecordNestedSta-1ODIZI1Z0T6OX","amplify-d2cux232bpa951-master-branch-53ef67772a","amplify-d2cux232bpa951-master-branch-53ef67772a-data7552DF31-1O7UWRQP5A8D3","UPDATE_COMPLETE","42","42","0","39","0","1","0","0","1","1","0","3"
"amplify-d2cux232bpa951-master-branch-53ef67-amplifyDataDiscordBotConfigurationNestedSt-RW3V3T4CA9T5","amplify-d2cux232bpa951-master-branch-53ef67772a","amplify-d2cux232bpa951-master-branch-53ef67772a-data7552DF31-1O7UWRQP5A8D3","UPDATE_COMPLETE","38","38","0","35","0","1","0","0","1","1","0","2"
"amplify-d2cux232bpa951-master-branch-53ef67-amplifyDataEventNestedStackEventNestedStac-RAN00HYOXQC4","amplify-d2cux232bpa951-master-branch-53ef67772a","amplify-d2cux232bpa951-master-branch-53ef67772a-data7552DF31-1O7UWRQP5A8D3","UPDATE_COMPLETE","38","38","0","35","0","1","0","0","1","1","0","2"
"amplify-d2cux232bpa951-master-branch-53ef67-amplifyDataEventSuggestionNestedStackEvent-E31NJ9918KL9","amplify-d2cux232bpa951-master-branch-53ef67772a","amplify-d2cux232bpa951-master-branch-53ef67772a-data7552DF31-1O7UWRQP5A8D3","UPDATE_COMPLETE","40","40","0","37","0","1","0","0","1","1","0","2"
"amplify-d2cux232bpa951-master-branch-53ef67-amplifyDataEventTagNestedStackEventTagNest-RNFFV6TEGSXK","amplify-d2cux232bpa951-master-branch-53ef67772a","amplify-d2cux232bpa951-master-branch-53ef67772a-data7552DF31-1O7UWRQP5A8D3","UPDATE_COMPLETE","38","38","0","35","0","1","0","0","1","1","0","2"
"amplify-d2cux232bpa951-master-branch-53ef67-amplifyDataForumActivityNestedStackForumAc-X36G3378PN57","amplify-d2cux232bpa951-master-branch-53ef67772a","amplify-d2cux232bpa951-master-branch-53ef67772a-data7552DF31-1O7UWRQP5A8D3","UPDATE_COMPLETE","40","40","0","37","0","1","0","0","1","1","0","2"
"amplify-d2cux232bpa951-master-branch-53ef67-amplifyDataForumBoardNestedStackForumBoard-F0214P6HRM03","amplify-d2cux232bpa951-master-branch-53ef67772a","amplify-d2cux232bpa951-master-branch-53ef67772a-data7552DF31-1O7UWRQP5A8D3","UPDATE_COMPLETE","38","38","0","35","0","1","0","0","1","1","0","4"
"amplify-d2cux232bpa951-master-branch-53ef67-amplifyDataForumCategoryNestedStackForumCa-129Y8D5CGX44","amplify-d2cux232bpa951-master-branch-53ef67772a","amplify-d2cux232bpa951-master-branch-53ef67772a-data7552DF31-1O7UWRQP5A8D3","UPDATE_COMPLETE","38","38","0","35","0","1","0","0","1","1","0","4"
"amplify-d2cux232bpa951-master-branch-53ef67-amplifyDataForumPostNestedStackForumPostNe-1PB47CGF60CKI","amplify-d2cux232bpa951-master-branch-53ef67772a","amplify-d2cux232bpa951-master-branch-53ef67772a-data7552DF31-1O7UWRQP5A8D3","UPDATE_COMPLETE","41","41","0","38","0","1","0","0","1","1","0","4"
"amplify-d2cux232bpa951-master-branch-53ef67-amplifyDataForumThreadNestedStackForumThre-B50QPDDDAZVO","amplify-d2cux232bpa951-master-branch-53ef67772a","amplify-d2cux232bpa951-master-branch-53ef67772a-data7552DF31-1O7UWRQP5A8D3","UPDATE_COMPLETE","41","41","0","38","0","1","0","0","1","1","0","4"
"amplify-d2cux232bpa951-master-branch-53ef67-amplifyDataFulfillmentOrderNestedStackFulf-1IK4IQXUQYIIZ","amplify-d2cux232bpa951-master-branch-53ef67772a","amplify-d2cux232bpa951-master-branch-53ef67772a-data7552DF31-1O7UWRQP5A8D3","UPDATE_COMPLETE","38","38","0","35","0","1","0","0","1","1","0","2"
"amplify-d2cux232bpa951-master-branch-53ef67-amplifyDataFunctionDirectiveStackNestedSta-161ITRTNOX6TX","amplify-d2cux232bpa951-master-branch-53ef67772a","amplify-d2cux232bpa951-master-branch-53ef67772a-data7552DF31-1O7UWRQP5A8D3","UPDATE_COMPLETE","475","475","0","316","0","0","0","0","158","0","0","0"
"amplify-d2cux232bpa951-master-branch-53ef67-amplifyDataGroupPermissionNestedStackGroup-1CDWMCLLI4KY2","amplify-d2cux232bpa951-master-branch-53ef67772a","amplify-d2cux232bpa951-master-branch-53ef67772a-data7552DF31-1O7UWRQP5A8D3","UPDATE_COMPLETE","38","38","0","35","0","1","0","0","1","1","0","2"
"amplify-d2cux232bpa951-master-branch-53ef67-amplifyDataInvestorAccessAuditEventNestedS-BCY4I7MPKHMH","amplify-d2cux232bpa951-master-branch-53ef67772a","amplify-d2cux232bpa951-master-branch-53ef67772a-data7552DF31-1O7UWRQP5A8D3","UPDATE_COMPLETE","38","38","0","35","0","1","0","0","1","1","0","2"
"amplify-d2cux232bpa951-master-branch-53ef67-amplifyDataInvestorAccessNestedStackInvest-TSTFMSBVNBU1","amplify-d2cux232bpa951-master-branch-53ef67772a","amplify-d2cux232bpa951-master-branch-53ef67772a-data7552DF31-1O7UWRQP5A8D3","UPDATE_COMPLETE","42","42","0","39","0","1","0","0","1","1","0","2"
"amplify-d2cux232bpa951-master-branch-53ef67-amplifyDataInvestorAccessRequestNestedStac-NDANZY0JT3XQ","amplify-d2cux232bpa951-master-branch-53ef67772a","amplify-d2cux232bpa951-master-branch-53ef67772a-data7552DF31-1O7UWRQP5A8D3","UPDATE_COMPLETE","46","46","0","43","0","1","0","0","1","1","0","2"
"amplify-d2cux232bpa951-master-branch-53ef67-amplifyDataMediaCollectionNestedStackMedia-1KB63Y4SEAXCT","amplify-d2cux232bpa951-master-branch-53ef67772a","amplify-d2cux232bpa951-master-branch-53ef67772a-data7552DF31-1O7UWRQP5A8D3","UPDATE_COMPLETE","38","38","0","35","0","1","0","0","1","1","0","4"
"amplify-d2cux232bpa951-master-branch-53ef67-amplifyDataMediaItemNestedStackMediaItemNe-N0QCUTPO7GMJ","amplify-d2cux232bpa951-master-branch-53ef67772a","amplify-d2cux232bpa951-master-branch-53ef67772a-data7552DF31-1O7UWRQP5A8D3","UPDATE_COMPLETE","38","38","0","35","0","1","0","0","1","1","0","4"
"amplify-d2cux232bpa951-master-branch-53ef67-amplifyDataMerchCategoryNestedStackMerchCa-1PCOHP6TO23HZ","amplify-d2cux232bpa951-master-branch-53ef67772a","amplify-d2cux232bpa951-master-branch-53ef67772a-data7552DF31-1O7UWRQP5A8D3","UPDATE_COMPLETE","38","38","0","35","0","1","0","0","1","1","0","4"
"amplify-d2cux232bpa951-master-branch-53ef67-amplifyDataMerchProductBrandNestedStackMer-1EYBMYRVXHDKK","amplify-d2cux232bpa951-master-branch-53ef67772a","amplify-d2cux232bpa951-master-branch-53ef67772a-data7552DF31-1O7UWRQP5A8D3","UPDATE_COMPLETE","38","38","0","35","0","1","0","0","1","1","0","4"
"amplify-d2cux232bpa951-master-branch-53ef67-amplifyDataMerchProductCategoryNestedStack-A52OPFYVX2YC","amplify-d2cux232bpa951-master-branch-53ef67772a","amplify-d2cux232bpa951-master-branch-53ef67772a-data7552DF31-1O7UWRQP5A8D3","UPDATE_COMPLETE","38","38","0","35","0","1","0","0","1","1","0","4"
"amplify-d2cux232bpa951-master-branch-53ef67-amplifyDataMerchProductImageNestedStackMer-1PJNFBQ636JOK","amplify-d2cux232bpa951-master-branch-53ef67772a","amplify-d2cux232bpa951-master-branch-53ef67772a-data7552DF31-1O7UWRQP5A8D3","UPDATE_COMPLETE","38","38","0","35","0","1","0","0","1","1","0","4"
"amplify-d2cux232bpa951-master-branch-53ef67-amplifyDataMerchProductNestedStackMerchPro-1E0UHCWYD548X","amplify-d2cux232bpa951-master-branch-53ef67772a","amplify-d2cux232bpa951-master-branch-53ef67772a-data7552DF31-1O7UWRQP5A8D3","UPDATE_COMPLETE","38","38","0","35","0","1","0","0","1","1","0","4"
"amplify-d2cux232bpa951-master-branch-53ef67-amplifyDataMerchProductVariantNestedStackM-14Q5EEN1RI7TM","amplify-d2cux232bpa951-master-branch-53ef67772a","amplify-d2cux232bpa951-master-branch-53ef67772a-data7552DF31-1O7UWRQP5A8D3","UPDATE_COMPLETE","38","38","0","35","0","1","0","0","1","1","0","4"
"amplify-d2cux232bpa951-master-branch-53ef67-amplifyDataPermissionAuditEventNestedStack-ZKMT5CRFO7JX","amplify-d2cux232bpa951-master-branch-53ef67772a","amplify-d2cux232bpa951-master-branch-53ef67772a-data7552DF31-1O7UWRQP5A8D3","UPDATE_COMPLETE","38","38","0","35","0","1","0","0","1","1","0","2"
"amplify-d2cux232bpa951-master-branch-53ef67-amplifyDataPermissionDefinitionNestedStack-1B78EC4862VOL","amplify-d2cux232bpa951-master-branch-53ef67772a","amplify-d2cux232bpa951-master-branch-53ef67772a-data7552DF31-1O7UWRQP5A8D3","UPDATE_COMPLETE","38","38","0","35","0","1","0","0","1","1","0","2"
"amplify-d2cux232bpa951-master-branch-53ef67-amplifyDataPlayerChampionPoolEntryNestedSt-1VGA6FUVYCYTD","amplify-d2cux232bpa951-master-branch-53ef67772a","amplify-d2cux232bpa951-master-branch-53ef67772a-data7552DF31-1O7UWRQP5A8D3","CREATE_COMPLETE","46","46","0","43","0","1","0","0","1","1","0","2"
"amplify-d2cux232bpa951-master-branch-53ef67-amplifyDataRewardRedemptionEventClaimNeste-1C7GKO7BNK5SM","amplify-d2cux232bpa951-master-branch-53ef67772a","amplify-d2cux232bpa951-master-branch-53ef67772a-data7552DF31-1O7UWRQP5A8D3","UPDATE_COMPLETE","43","43","0","40","0","1","0","0","1","1","0","2"
"amplify-d2cux232bpa951-master-branch-53ef67-amplifyDataRewardRedemptionEventNestedStac-1VQ9AIQTQMAW9","amplify-d2cux232bpa951-master-branch-53ef67772a","amplify-d2cux232bpa951-master-branch-53ef67772a-data7552DF31-1O7UWRQP5A8D3","UPDATE_COMPLETE","43","43","0","40","0","1","0","0","1","1","0","2"
"amplify-d2cux232bpa951-master-branch-53ef67-amplifyDataTeamMembershipNestedStackTeamMe-Z648JKYMLC8H","amplify-d2cux232bpa951-master-branch-53ef67772a","amplify-d2cux232bpa951-master-branch-53ef67772a-data7552DF31-1O7UWRQP5A8D3","CREATE_COMPLETE","46","46","0","43","0","1","0","0","1","1","0","3"
"amplify-d2cux232bpa951-master-branch-53ef67-amplifyDataTeamNestedStackTeamNestedStackR-1BJ9ZP7NA30HX","amplify-d2cux232bpa951-master-branch-53ef67772a","amplify-d2cux232bpa951-master-branch-53ef67772a-data7552DF31-1O7UWRQP5A8D3","CREATE_COMPLETE","46","46","0","43","0","1","0","0","1","1","0","3"
"amplify-d2cux232bpa951-master-branch-53ef67-amplifyDataTeamRosterSlotNestedStackTeamRo-ADN5U8QAT6YH","amplify-d2cux232bpa951-master-branch-53ef67772a","amplify-d2cux232bpa951-master-branch-53ef67772a-data7552DF31-1O7UWRQP5A8D3","CREATE_COMPLETE","46","46","0","43","0","1","0","0","1","1","0","3"
"amplify-d2cux232bpa951-master-branch-53ef67-amplifyDataTwitchCommandNestedStackTwitchC-1IMB4QJ9P5USB","amplify-d2cux232bpa951-master-branch-53ef67772a","amplify-d2cux232bpa951-master-branch-53ef67772a-data7552DF31-1O7UWRQP5A8D3","UPDATE_COMPLETE","38","38","0","35","0","1","0","0","1","1","0","2"
"amplify-d2cux232bpa951-master-branch-53ef67-amplifyDataTwitchIntegrationNestedStackTwi-16TGWHFOE0NZP","amplify-d2cux232bpa951-master-branch-53ef67772a","amplify-d2cux232bpa951-master-branch-53ef67772a-data7552DF31-1O7UWRQP5A8D3","UPDATE_COMPLETE","38","38","0","35","0","1","0","0","1","1","0","2"
"amplify-d2cux232bpa951-master-branch-53ef67-amplifyDataTwitchOAuthTransactionNestedSta-189C6LV7LBFF8","amplify-d2cux232bpa951-master-branch-53ef67772a","amplify-d2cux232bpa951-master-branch-53ef67772a-data7552DF31-1O7UWRQP5A8D3","UPDATE_COMPLETE","38","38","0","35","0","1","0","0","1","1","0","2"
"amplify-d2cux232bpa951-master-branch-53ef67-amplifyDataTwitchRuntimeHealthNestedStackT-1S9Q6QDYKJ6WM","amplify-d2cux232bpa951-master-branch-53ef67772a","amplify-d2cux232bpa951-master-branch-53ef67772a-data7552DF31-1O7UWRQP5A8D3","UPDATE_COMPLETE","43","43","0","40","0","1","0","0","1","1","0","2"
"amplify-d2cux232bpa951-master-branch-53ef67-amplifyDataTwitchTokenVaultNestedStackTwit-10WB1L0BULJN4","amplify-d2cux232bpa951-master-branch-53ef67772a","amplify-d2cux232bpa951-master-branch-53ef67772a-data7552DF31-1O7UWRQP5A8D3","UPDATE_COMPLETE","43","43","0","40","0","1","0","0","1","1","0","2"
"amplify-d2cux232bpa951-master-branch-53ef67-amplifyDataUserProfileNestedStackUserProfi-NV7TZ0XYFHBQ","amplify-d2cux232bpa951-master-branch-53ef67772a","amplify-d2cux232bpa951-master-branch-53ef67772a-data7552DF31-1O7UWRQP5A8D3","UPDATE_COMPLETE","41","41","0","38","0","1","0","0","1","1","0","2"
"amplify-d2cux232bpa951-master-branch-53ef67-amplifyDataWorkspaceMembershipNestedStackW-17CCLILSXX5PH","amplify-d2cux232bpa951-master-branch-53ef67772a","amplify-d2cux232bpa951-master-branch-53ef67772a-data7552DF31-1O7UWRQP5A8D3","UPDATE_COMPLETE","42","42","0","39","0","1","0","0","1","1","0","2"
"amplify-d2cux232bpa951-master-branch-53ef67-amplifyDataWorkspaceMembershipPermissionNe-1AXC7KL0GZYF7","amplify-d2cux232bpa951-master-branch-53ef67772a","amplify-d2cux232bpa951-master-branch-53ef67772a-data7552DF31-1O7UWRQP5A8D3","UPDATE_COMPLETE","42","42","0","39","0","1","0","0","1","1","0","2"
"amplify-d2cux232bpa951-master-branch-53ef67-amplifyDataWorkspaceMembershipPermissionSe-M4CCZ1MPRCHO","amplify-d2cux232bpa951-master-branch-53ef67772a","amplify-d2cux232bpa951-master-branch-53ef67772a-data7552DF31-1O7UWRQP5A8D3","UPDATE_COMPLETE","38","38","0","35","0","1","0","0","1","1","0","2"
"amplify-d2cux232bpa951-master-branch-53ef67772a","amplify-d2cux232bpa951-master-branch-53ef67772a","","UPDATE_COMPLETE","14","14","2","0","0","0","0","0","4","1","6","35"
"amplify-d2cux232bpa951-master-branch-53ef67772a-apistack7B433BC7-FH35ARGBCBQJ","amplify-d2cux232bpa951-master-branch-53ef67772a","amplify-d2cux232bpa951-master-branch-53ef67772a","UPDATE_COMPLETE","49","49","0","0","0","0","0","0","0","0","0","1"
"amplify-d2cux232bpa951-master-branch-53ef67772a-auth179371D7-1HCDNYERQA09Z","amplify-d2cux232bpa951-master-branch-53ef67772a","amplify-d2cux232bpa951-master-branch-53ef67772a","UPDATE_COMPLETE","37","37","2","0","0","0","14","0","18","0","0","13"
"amplify-d2cux232bpa951-master-branch-53ef67772a-data7552DF31-1O7UWRQP5A8D3","amplify-d2cux232bpa951-master-branch-53ef67772a","amplify-d2cux232bpa951-master-branch-53ef67772a","UPDATE_COMPLETE","86","86","3","4","0","0","0","4","7","4","55","11"
"amplify-d2cux232bpa951-master-branch-53ef67772a-function1351588B-3LAUWIBLIPW2","amplify-d2cux232bpa951-master-branch-53ef67772a","amplify-d2cux232bpa951-master-branch-53ef67772a","UPDATE_COMPLETE","4","4","1","0","0","0","0","0","2","0","0","2"
"amplify-d2cux232bpa951-master-branch-53ef67772a-overlaysourcestackF7F134D8-1013ERNKC34AE","amplify-d2cux232bpa951-master-branch-53ef67772a","amplify-d2cux232bpa951-master-branch-53ef67772a","UPDATE_COMPLETE","43","43","1","0","3","0","0","0","2","0","0","8"
"amplify-d2cux232bpa951-master-branch-53ef67772a-storage0EC3F24A-UONKYPZQFB94","amplify-d2cux232bpa951-master-branch-53ef67772a","amplify-d2cux232bpa951-master-branch-53ef67772a","UPDATE_COMPLETE","12","12","1","0","0","0","0","2","6","1","0","2"
"amplify-d2cux232bpa951-staging-branch-8b386-amplifyDataAlphaServiceNonceNestedStackAlp-DMLE0OMMIP5S","amplify-d2cux232bpa951-staging-branch-8b38605406","amplify-d2cux232bpa951-staging-branch-8b38605406-data7552DF31-G9IU8JN6V723","CREATE_COMPLETE","43","43","0","40","0","1","0","0","1","1","0","2"
"amplify-d2cux232bpa951-staging-branch-8b386-amplifyDataAmplifyTableManagerNestedStackA-7AI5HKPU3M8M","amplify-d2cux232bpa951-staging-branch-8b38605406","amplify-d2cux232bpa951-staging-branch-8b38605406-data7552DF31-G9IU8JN6V723","CREATE_COMPLETE","9","9","2","0","0","0","0","0","5","0","0","1"
"amplify-d2cux232bpa951-staging-branch-8b386-amplifyDataApplicationAnswerNestedStackApp-1SVKYC7N9BO22","amplify-d2cux232bpa951-staging-branch-8b38605406","amplify-d2cux232bpa951-staging-branch-8b38605406-data7552DF31-G9IU8JN6V723","CREATE_COMPLETE","42","42","0","39","0","1","0","0","1","1","0","4"
"amplify-d2cux232bpa951-staging-branch-8b386-amplifyDataApplicationAuditEventNestedStac-12X97TWEQYXD5","amplify-d2cux232bpa951-staging-branch-8b38605406","amplify-d2cux232bpa951-staging-branch-8b38605406-data7552DF31-G9IU8JN6V723","CREATE_COMPLETE","42","42","0","39","0","1","0","0","1","1","0","4"
"amplify-d2cux232bpa951-staging-branch-8b386-amplifyDataApplicationCreatorProfileNested-V6ZK45P6NOZ4","amplify-d2cux232bpa951-staging-branch-8b38605406","amplify-d2cux232bpa951-staging-branch-8b38605406-data7552DF31-G9IU8JN6V723","CREATE_COMPLETE","42","42","0","39","0","1","0","0","1","1","0","4"
"amplify-d2cux232bpa951-staging-branch-8b386-amplifyDataApplicationIdempotencyNestedSta-118WH2VTC1ZWC","amplify-d2cux232bpa951-staging-branch-8b38605406","amplify-d2cux232bpa951-staging-branch-8b38605406-data7552DF31-G9IU8JN6V723","CREATE_COMPLETE","38","38","0","35","0","1","0","0","1","1","0","2"
"amplify-d2cux232bpa951-staging-branch-8b386-amplifyDataApplicationPublicRateLimitNeste-163IYSSIYIYG","amplify-d2cux232bpa951-staging-branch-8b38605406","amplify-d2cux232bpa951-staging-branch-8b38605406-data7552DF31-G9IU8JN6V723","CREATE_COMPLETE","38","38","0","35","0","1","0","0","1","1","0","2"
"amplify-d2cux232bpa951-staging-branch-8b386-amplifyDataApplicationScheduleNestedStackA-1UT6141D98JRF","amplify-d2cux232bpa951-staging-branch-8b38605406","amplify-d2cux232bpa951-staging-branch-8b38605406-data7552DF31-G9IU8JN6V723","CREATE_COMPLETE","42","42","0","39","0","1","0","0","1","1","0","4"
"amplify-d2cux232bpa951-staging-branch-8b386-amplifyDataApplicationSubmissionNestedStac-11OBKUAJNWLUT","amplify-d2cux232bpa951-staging-branch-8b38605406","amplify-d2cux232bpa951-staging-branch-8b38605406-data7552DF31-G9IU8JN6V723","CREATE_COMPLETE","50","50","0","47","0","1","0","0","1","1","0","4"
"amplify-d2cux232bpa951-staging-branch-8b386-amplifyDataBoardPermissionRuleNestedStackB-TSUPUYSM1YZ7","amplify-d2cux232bpa951-staging-branch-8b38605406","amplify-d2cux232bpa951-staging-branch-8b38605406-data7552DF31-G9IU8JN6V723","CREATE_COMPLETE","38","38","0","35","0","1","0","0","1","1","0","4"
"amplify-d2cux232bpa951-staging-branch-8b386-amplifyDataBrandAccessNestedStackBrandAcce-CMGMCTMW5PQT","amplify-d2cux232bpa951-staging-branch-8b38605406","amplify-d2cux232bpa951-staging-branch-8b38605406-data7552DF31-G9IU8JN6V723","CREATE_COMPLETE","38","38","0","35","0","1","0","0","1","1","0","4"
"amplify-d2cux232bpa951-staging-branch-8b386-amplifyDataBrandAccessPermissionNestedStac-1M1BH1U7TUGS","amplify-d2cux232bpa951-staging-branch-8b38605406","amplify-d2cux232bpa951-staging-branch-8b38605406-data7552DF31-G9IU8JN6V723","CREATE_COMPLETE","38","38","0","35","0","1","0","0","1","1","0","4"
"amplify-d2cux232bpa951-staging-branch-8b386-amplifyDataBrandNestedStackBrandNestedStac-1K6XHLOUJJGW7","amplify-d2cux232bpa951-staging-branch-8b38605406","amplify-d2cux232bpa951-staging-branch-8b38605406-data7552DF31-G9IU8JN6V723","CREATE_COMPLETE","38","38","0","35","0","1","0","0","1","1","0","4"
"amplify-d2cux232bpa951-staging-branch-8b386-amplifyDataConnectionStackNestedStackConne-19FTP53HBKEQP","amplify-d2cux232bpa951-staging-branch-8b38605406","amplify-d2cux232bpa951-staging-branch-8b38605406-data7552DF31-G9IU8JN6V723","UPDATE_COMPLETE","109","109","0","108","0","0","0","0","0","0","0","0"
"amplify-d2cux232bpa951-staging-branch-8b386-amplifyDataCreatorWorkspaceRecordNestedSta-10A2L3YD3K1DZ","amplify-d2cux232bpa951-staging-branch-8b38605406","amplify-d2cux232bpa951-staging-branch-8b38605406-data7552DF31-G9IU8JN6V723","UPDATE_COMPLETE","42","42","0","39","0","1","0","0","1","1","0","3"
"amplify-d2cux232bpa951-staging-branch-8b386-amplifyDataDiscordBotConfigurationNestedSt-1TH487MOPW3TH","amplify-d2cux232bpa951-staging-branch-8b38605406","amplify-d2cux232bpa951-staging-branch-8b38605406-data7552DF31-G9IU8JN6V723","CREATE_COMPLETE","38","38","0","35","0","1","0","0","1","1","0","2"
"amplify-d2cux232bpa951-staging-branch-8b386-amplifyDataEventNestedStackEventNestedStac-1EDJWWJ26VUPJ","amplify-d2cux232bpa951-staging-branch-8b38605406","amplify-d2cux232bpa951-staging-branch-8b38605406-data7552DF31-G9IU8JN6V723","CREATE_COMPLETE","38","38","0","35","0","1","0","0","1","1","0","2"
"amplify-d2cux232bpa951-staging-branch-8b386-amplifyDataEventSuggestionNestedStackEvent-142POZF3C6JTR","amplify-d2cux232bpa951-staging-branch-8b38605406","amplify-d2cux232bpa951-staging-branch-8b38605406-data7552DF31-G9IU8JN6V723","CREATE_COMPLETE","40","40","0","37","0","1","0","0","1","1","0","2"
"amplify-d2cux232bpa951-staging-branch-8b386-amplifyDataEventTagNestedStackEventTagNest-PVOFISTKSG18","amplify-d2cux232bpa951-staging-branch-8b38605406","amplify-d2cux232bpa951-staging-branch-8b38605406-data7552DF31-G9IU8JN6V723","CREATE_COMPLETE","38","38","0","35","0","1","0","0","1","1","0","2"
"amplify-d2cux232bpa951-staging-branch-8b386-amplifyDataForumActivityNestedStackForumAc-OLAZ1IFAQXLD","amplify-d2cux232bpa951-staging-branch-8b38605406","amplify-d2cux232bpa951-staging-branch-8b38605406-data7552DF31-G9IU8JN6V723","CREATE_COMPLETE","40","40","0","37","0","1","0","0","1","1","0","2"
"amplify-d2cux232bpa951-staging-branch-8b386-amplifyDataForumBoardNestedStackForumBoard-A1HB20HEKRQ0","amplify-d2cux232bpa951-staging-branch-8b38605406","amplify-d2cux232bpa951-staging-branch-8b38605406-data7552DF31-G9IU8JN6V723","CREATE_COMPLETE","38","38","0","35","0","1","0","0","1","1","0","4"
"amplify-d2cux232bpa951-staging-branch-8b386-amplifyDataForumCategoryNestedStackForumCa-1VNN1Q6434XPU","amplify-d2cux232bpa951-staging-branch-8b38605406","amplify-d2cux232bpa951-staging-branch-8b38605406-data7552DF31-G9IU8JN6V723","CREATE_COMPLETE","38","38","0","35","0","1","0","0","1","1","0","4"
"amplify-d2cux232bpa951-staging-branch-8b386-amplifyDataForumPostNestedStackForumPostNe-11LRI0PQNFLQZ","amplify-d2cux232bpa951-staging-branch-8b38605406","amplify-d2cux232bpa951-staging-branch-8b38605406-data7552DF31-G9IU8JN6V723","CREATE_COMPLETE","41","41","0","38","0","1","0","0","1","1","0","4"
"amplify-d2cux232bpa951-staging-branch-8b386-amplifyDataForumThreadNestedStackForumThre-I17HBZ18FH2B","amplify-d2cux232bpa951-staging-branch-8b38605406","amplify-d2cux232bpa951-staging-branch-8b38605406-data7552DF31-G9IU8JN6V723","CREATE_COMPLETE","41","41","0","38","0","1","0","0","1","1","0","4"
"amplify-d2cux232bpa951-staging-branch-8b386-amplifyDataFulfillmentOrderNestedStackFulf-1C2C3IWZ56L2I","amplify-d2cux232bpa951-staging-branch-8b38605406","amplify-d2cux232bpa951-staging-branch-8b38605406-data7552DF31-G9IU8JN6V723","CREATE_COMPLETE","38","38","0","35","0","1","0","0","1","1","0","2"
"amplify-d2cux232bpa951-staging-branch-8b386-amplifyDataFunctionDirectiveStackNestedSta-86G2CHX8JSF4","amplify-d2cux232bpa951-staging-branch-8b38605406","amplify-d2cux232bpa951-staging-branch-8b38605406-data7552DF31-G9IU8JN6V723","UPDATE_COMPLETE","475","475","0","316","0","0","0","0","158","0","0","0"
"amplify-d2cux232bpa951-staging-branch-8b386-amplifyDataGroupPermissionNestedStackGroup-17UP3UD9J7ANJ","amplify-d2cux232bpa951-staging-branch-8b38605406","amplify-d2cux232bpa951-staging-branch-8b38605406-data7552DF31-G9IU8JN6V723","CREATE_COMPLETE","38","38","0","35","0","1","0","0","1","1","0","2"
"amplify-d2cux232bpa951-staging-branch-8b386-amplifyDataInvestorAccessAuditEventNestedS-X40LLTA7S3DM","amplify-d2cux232bpa951-staging-branch-8b38605406","amplify-d2cux232bpa951-staging-branch-8b38605406-data7552DF31-G9IU8JN6V723","CREATE_COMPLETE","38","38","0","35","0","1","0","0","1","1","0","2"
"amplify-d2cux232bpa951-staging-branch-8b386-amplifyDataInvestorAccessNestedStackInvest-17STDTCCDOXVK","amplify-d2cux232bpa951-staging-branch-8b38605406","amplify-d2cux232bpa951-staging-branch-8b38605406-data7552DF31-G9IU8JN6V723","CREATE_COMPLETE","42","42","0","39","0","1","0","0","1","1","0","2"
"amplify-d2cux232bpa951-staging-branch-8b386-amplifyDataInvestorAccessRequestNestedStac-1K6KZ35497O0","amplify-d2cux232bpa951-staging-branch-8b38605406","amplify-d2cux232bpa951-staging-branch-8b38605406-data7552DF31-G9IU8JN6V723","CREATE_COMPLETE","46","46","0","43","0","1","0","0","1","1","0","2"
"amplify-d2cux232bpa951-staging-branch-8b386-amplifyDataMediaCollectionNestedStackMedia-A4BXUP3YZBDC","amplify-d2cux232bpa951-staging-branch-8b38605406","amplify-d2cux232bpa951-staging-branch-8b38605406-data7552DF31-G9IU8JN6V723","CREATE_COMPLETE","38","38","0","35","0","1","0","0","1","1","0","4"
"amplify-d2cux232bpa951-staging-branch-8b386-amplifyDataMediaItemNestedStackMediaItemNe-2SPGX7UIWTPT","amplify-d2cux232bpa951-staging-branch-8b38605406","amplify-d2cux232bpa951-staging-branch-8b38605406-data7552DF31-G9IU8JN6V723","CREATE_COMPLETE","38","38","0","35","0","1","0","0","1","1","0","4"
"amplify-d2cux232bpa951-staging-branch-8b386-amplifyDataMerchCategoryNestedStackMerchCa-1ALE2R3G8QR5O","amplify-d2cux232bpa951-staging-branch-8b38605406","amplify-d2cux232bpa951-staging-branch-8b38605406-data7552DF31-G9IU8JN6V723","CREATE_COMPLETE","38","38","0","35","0","1","0","0","1","1","0","4"
"amplify-d2cux232bpa951-staging-branch-8b386-amplifyDataMerchProductBrandNestedStackMer-14QY8RX6D1GVQ","amplify-d2cux232bpa951-staging-branch-8b38605406","amplify-d2cux232bpa951-staging-branch-8b38605406-data7552DF31-G9IU8JN6V723","CREATE_COMPLETE","38","38","0","35","0","1","0","0","1","1","0","4"
"amplify-d2cux232bpa951-staging-branch-8b386-amplifyDataMerchProductCategoryNestedStack-TRNS21CMT61Y","amplify-d2cux232bpa951-staging-branch-8b38605406","amplify-d2cux232bpa951-staging-branch-8b38605406-data7552DF31-G9IU8JN6V723","CREATE_COMPLETE","38","38","0","35","0","1","0","0","1","1","0","4"
"amplify-d2cux232bpa951-staging-branch-8b386-amplifyDataMerchProductImageNestedStackMer-XYCJWX3RHESM","amplify-d2cux232bpa951-staging-branch-8b38605406","amplify-d2cux232bpa951-staging-branch-8b38605406-data7552DF31-G9IU8JN6V723","CREATE_COMPLETE","38","38","0","35","0","1","0","0","1","1","0","4"
"amplify-d2cux232bpa951-staging-branch-8b386-amplifyDataMerchProductNestedStackMerchPro-17FD3CPV8KLMN","amplify-d2cux232bpa951-staging-branch-8b38605406","amplify-d2cux232bpa951-staging-branch-8b38605406-data7552DF31-G9IU8JN6V723","CREATE_COMPLETE","38","38","0","35","0","1","0","0","1","1","0","4"
"amplify-d2cux232bpa951-staging-branch-8b386-amplifyDataMerchProductVariantNestedStackM-1X1M1GJXW55JW","amplify-d2cux232bpa951-staging-branch-8b38605406","amplify-d2cux232bpa951-staging-branch-8b38605406-data7552DF31-G9IU8JN6V723","CREATE_COMPLETE","38","38","0","35","0","1","0","0","1","1","0","4"
"amplify-d2cux232bpa951-staging-branch-8b386-amplifyDataPermissionAuditEventNestedStack-YVGO0UZLO8OY","amplify-d2cux232bpa951-staging-branch-8b38605406","amplify-d2cux232bpa951-staging-branch-8b38605406-data7552DF31-G9IU8JN6V723","CREATE_COMPLETE","38","38","0","35","0","1","0","0","1","1","0","2"
"amplify-d2cux232bpa951-staging-branch-8b386-amplifyDataPermissionDefinitionNestedStack-10MIKYF9ME7E8","amplify-d2cux232bpa951-staging-branch-8b38605406","amplify-d2cux232bpa951-staging-branch-8b38605406-data7552DF31-G9IU8JN6V723","CREATE_COMPLETE","38","38","0","35","0","1","0","0","1","1","0","2"
"amplify-d2cux232bpa951-staging-branch-8b386-amplifyDataPlayerChampionPoolEntryNestedSt-172KTKG5ZK30D","amplify-d2cux232bpa951-staging-branch-8b38605406","amplify-d2cux232bpa951-staging-branch-8b38605406-data7552DF31-G9IU8JN6V723","CREATE_COMPLETE","46","46","0","43","0","1","0","0","1","1","0","2"
"amplify-d2cux232bpa951-staging-branch-8b386-amplifyDataRewardRedemptionEventClaimNeste-17J4P4PM11768","amplify-d2cux232bpa951-staging-branch-8b38605406","amplify-d2cux232bpa951-staging-branch-8b38605406-data7552DF31-G9IU8JN6V723","CREATE_COMPLETE","43","43","0","40","0","1","0","0","1","1","0","2"
"amplify-d2cux232bpa951-staging-branch-8b386-amplifyDataRewardRedemptionEventNestedStac-LADWHN8M13LU","amplify-d2cux232bpa951-staging-branch-8b38605406","amplify-d2cux232bpa951-staging-branch-8b38605406-data7552DF31-G9IU8JN6V723","CREATE_COMPLETE","43","43","0","40","0","1","0","0","1","1","0","2"
"amplify-d2cux232bpa951-staging-branch-8b386-amplifyDataTeamMembershipNestedStackTeamMe-P5ZWKB9GG0PL","amplify-d2cux232bpa951-staging-branch-8b38605406","amplify-d2cux232bpa951-staging-branch-8b38605406-data7552DF31-G9IU8JN6V723","CREATE_COMPLETE","46","46","0","43","0","1","0","0","1","1","0","3"
"amplify-d2cux232bpa951-staging-branch-8b386-amplifyDataTeamNestedStackTeamNestedStackR-7R4WZMVVMDUZ","amplify-d2cux232bpa951-staging-branch-8b38605406","amplify-d2cux232bpa951-staging-branch-8b38605406-data7552DF31-G9IU8JN6V723","CREATE_COMPLETE","46","46","0","43","0","1","0","0","1","1","0","3"
"amplify-d2cux232bpa951-staging-branch-8b386-amplifyDataTeamRosterSlotNestedStackTeamRo-1IC0B4F5I1D2S","amplify-d2cux232bpa951-staging-branch-8b38605406","amplify-d2cux232bpa951-staging-branch-8b38605406-data7552DF31-G9IU8JN6V723","CREATE_COMPLETE","46","46","0","43","0","1","0","0","1","1","0","3"
"amplify-d2cux232bpa951-staging-branch-8b386-amplifyDataTwitchCommandNestedStackTwitchC-1T2KVMFTEV2TE","amplify-d2cux232bpa951-staging-branch-8b38605406","amplify-d2cux232bpa951-staging-branch-8b38605406-data7552DF31-G9IU8JN6V723","CREATE_COMPLETE","38","38","0","35","0","1","0","0","1","1","0","2"
"amplify-d2cux232bpa951-staging-branch-8b386-amplifyDataTwitchIntegrationNestedStackTwi-1TYPDBLX7TJ69","amplify-d2cux232bpa951-staging-branch-8b38605406","amplify-d2cux232bpa951-staging-branch-8b38605406-data7552DF31-G9IU8JN6V723","UPDATE_COMPLETE","38","38","0","35","0","1","0","0","1","1","0","2"
"amplify-d2cux232bpa951-staging-branch-8b386-amplifyDataTwitchOAuthTransactionNestedSta-EPEXW8VEQJAK","amplify-d2cux232bpa951-staging-branch-8b38605406","amplify-d2cux232bpa951-staging-branch-8b38605406-data7552DF31-G9IU8JN6V723","UPDATE_COMPLETE","38","38","0","35","0","1","0","0","1","1","0","2"
"amplify-d2cux232bpa951-staging-branch-8b386-amplifyDataTwitchRuntimeHealthNestedStackT-1AGCLSY86KE3O","amplify-d2cux232bpa951-staging-branch-8b38605406","amplify-d2cux232bpa951-staging-branch-8b38605406-data7552DF31-G9IU8JN6V723","CREATE_COMPLETE","43","43","0","40","0","1","0","0","1","1","0","2"
"amplify-d2cux232bpa951-staging-branch-8b386-amplifyDataTwitchTokenVaultNestedStackTwit-CNE67V3H6NF2","amplify-d2cux232bpa951-staging-branch-8b38605406","amplify-d2cux232bpa951-staging-branch-8b38605406-data7552DF31-G9IU8JN6V723","CREATE_COMPLETE","43","43","0","40","0","1","0","0","1","1","0","2"
"amplify-d2cux232bpa951-staging-branch-8b386-amplifyDataUserProfileNestedStackUserProfi-3RG30LE817C4","amplify-d2cux232bpa951-staging-branch-8b38605406","amplify-d2cux232bpa951-staging-branch-8b38605406-data7552DF31-G9IU8JN6V723","CREATE_COMPLETE","41","41","0","38","0","1","0","0","1","1","0","2"
"amplify-d2cux232bpa951-staging-branch-8b386-amplifyDataWorkspaceMembershipNestedStackW-11UM5DROI2BZY","amplify-d2cux232bpa951-staging-branch-8b38605406","amplify-d2cux232bpa951-staging-branch-8b38605406-data7552DF31-G9IU8JN6V723","CREATE_COMPLETE","42","42","0","39","0","1","0","0","1","1","0","2"
"amplify-d2cux232bpa951-staging-branch-8b386-amplifyDataWorkspaceMembershipPermissionNe-1UXJLLFRPENZO","amplify-d2cux232bpa951-staging-branch-8b38605406","amplify-d2cux232bpa951-staging-branch-8b38605406-data7552DF31-G9IU8JN6V723","CREATE_COMPLETE","42","42","0","39","0","1","0","0","1","1","0","2"
"amplify-d2cux232bpa951-staging-branch-8b386-amplifyDataWorkspaceMembershipPermissionSe-1I0BZ5J3DDTSL","amplify-d2cux232bpa951-staging-branch-8b38605406","amplify-d2cux232bpa951-staging-branch-8b38605406-data7552DF31-G9IU8JN6V723","CREATE_COMPLETE","38","38","0","35","0","1","0","0","1","1","0","2"
"amplify-d2cux232bpa951-staging-branch-8b38605406","amplify-d2cux232bpa951-staging-branch-8b38605406","","UPDATE_COMPLETE","14","14","2","0","0","0","0","0","4","1","6","35"
"amplify-d2cux232bpa951-staging-branch-8b38605406-apistack7B433BC7-1E1TFWR0VJBXS","amplify-d2cux232bpa951-staging-branch-8b38605406","amplify-d2cux232bpa951-staging-branch-8b38605406","UPDATE_COMPLETE","49","49","0","0","0","0","0","0","0","0","0","1"
"amplify-d2cux232bpa951-staging-branch-8b38605406-auth179371D7-PPXB534TOQ08","amplify-d2cux232bpa951-staging-branch-8b38605406","amplify-d2cux232bpa951-staging-branch-8b38605406","UPDATE_COMPLETE","37","37","2","0","0","0","14","0","18","0","0","13"
"amplify-d2cux232bpa951-staging-branch-8b38605406-data7552DF31-G9IU8JN6V723","amplify-d2cux232bpa951-staging-branch-8b38605406","amplify-d2cux232bpa951-staging-branch-8b38605406","UPDATE_COMPLETE","86","86","3","4","0","0","0","4","7","4","55","11"
"amplify-d2cux232bpa951-staging-branch-8b38605406-function1351588B-1PAAEQ43OOHKI","amplify-d2cux232bpa951-staging-branch-8b38605406","amplify-d2cux232bpa951-staging-branch-8b38605406","CREATE_COMPLETE","4","4","1","0","0","0","0","0","2","0","0","2"
"amplify-d2cux232bpa951-staging-branch-8b38605406-overlaysourcestackF7F134D8-ZY8BE9BMLIOR","amplify-d2cux232bpa951-staging-branch-8b38605406","amplify-d2cux232bpa951-staging-branch-8b38605406","CREATE_COMPLETE","43","43","1","0","3","0","0","0","2","0","0","8"
"amplify-d2cux232bpa951-staging-branch-8b38605406-storage0EC3F24A-1NVAV3SJC02P7","amplify-d2cux232bpa951-staging-branch-8b38605406","amplify-d2cux232bpa951-staging-branch-8b38605406","UPDATE_COMPLETE","12","12","1","0","0","0","0","2","6","1","0","2"
"amplify-projectrespawnwebsite-Daniel-sandbo-amplifyDataAmplifyTableManagerNestedStackA-11FB0DNV4C0XW","amplify-projectrespawnwebsite-Daniel-sandbox-bbfa03cf7c","amplify-projectrespawnwebsite-Daniel-sandbox-bbfa03cf7c-data7552DF31-1EWLDQ1O8WDSC","CREATE_COMPLETE","9","9","2","0","0","0","0","0","5","0","0","1"
"amplify-projectrespawnwebsite-Daniel-sandbo-amplifyDataApplicationAnswerNestedStackApp-1DJB92900XSYX","amplify-projectrespawnwebsite-Daniel-sandbox-bbfa03cf7c","amplify-projectrespawnwebsite-Daniel-sandbox-bbfa03cf7c-data7552DF31-1EWLDQ1O8WDSC","CREATE_COMPLETE","42","42","0","39","0","1","0","0","1","1","0","4"
"amplify-projectrespawnwebsite-Daniel-sandbo-amplifyDataApplicationAuditEventNestedStac-1SS0MJW79V3SI","amplify-projectrespawnwebsite-Daniel-sandbox-bbfa03cf7c","amplify-projectrespawnwebsite-Daniel-sandbox-bbfa03cf7c-data7552DF31-1EWLDQ1O8WDSC","CREATE_COMPLETE","42","42","0","39","0","1","0","0","1","1","0","4"
"amplify-projectrespawnwebsite-Daniel-sandbo-amplifyDataApplicationCreatorProfileNested-U7T2MTNKZRH9","amplify-projectrespawnwebsite-Daniel-sandbox-bbfa03cf7c","amplify-projectrespawnwebsite-Daniel-sandbox-bbfa03cf7c-data7552DF31-1EWLDQ1O8WDSC","CREATE_COMPLETE","42","42","0","39","0","1","0","0","1","1","0","4"
"amplify-projectrespawnwebsite-Daniel-sandbo-amplifyDataApplicationIdempotencyNestedSta-13UP8YY63ANG0","amplify-projectrespawnwebsite-Daniel-sandbox-bbfa03cf7c","amplify-projectrespawnwebsite-Daniel-sandbox-bbfa03cf7c-data7552DF31-1EWLDQ1O8WDSC","CREATE_COMPLETE","38","38","0","35","0","1","0","0","1","1","0","2"
"amplify-projectrespawnwebsite-Daniel-sandbo-amplifyDataApplicationPublicRateLimitNeste-UOH2ZEBUO347","amplify-projectrespawnwebsite-Daniel-sandbox-bbfa03cf7c","amplify-projectrespawnwebsite-Daniel-sandbox-bbfa03cf7c-data7552DF31-1EWLDQ1O8WDSC","CREATE_COMPLETE","38","38","0","35","0","1","0","0","1","1","0","2"
"amplify-projectrespawnwebsite-Daniel-sandbo-amplifyDataApplicationScheduleNestedStackA-1EA25RZ2HGSL9","amplify-projectrespawnwebsite-Daniel-sandbox-bbfa03cf7c","amplify-projectrespawnwebsite-Daniel-sandbox-bbfa03cf7c-data7552DF31-1EWLDQ1O8WDSC","CREATE_COMPLETE","42","42","0","39","0","1","0","0","1","1","0","4"
"amplify-projectrespawnwebsite-Daniel-sandbo-amplifyDataApplicationSubmissionNestedStac-HZXCEELJ2RPN","amplify-projectrespawnwebsite-Daniel-sandbox-bbfa03cf7c","amplify-projectrespawnwebsite-Daniel-sandbox-bbfa03cf7c-data7552DF31-1EWLDQ1O8WDSC","CREATE_COMPLETE","50","50","0","47","0","1","0","0","1","1","0","4"
"amplify-projectrespawnwebsite-Daniel-sandbo-amplifyDataBoardPermissionRuleNestedStackB-1J1IIWJUGAJW","amplify-projectrespawnwebsite-Daniel-sandbox-bbfa03cf7c","amplify-projectrespawnwebsite-Daniel-sandbox-bbfa03cf7c-data7552DF31-1EWLDQ1O8WDSC","CREATE_COMPLETE","38","38","0","35","0","1","0","0","1","1","0","4"
"amplify-projectrespawnwebsite-Daniel-sandbo-amplifyDataBrandAccessNestedStackBrandAcce-1QMP9SHK70FW3","amplify-projectrespawnwebsite-Daniel-sandbox-bbfa03cf7c","amplify-projectrespawnwebsite-Daniel-sandbox-bbfa03cf7c-data7552DF31-1EWLDQ1O8WDSC","CREATE_COMPLETE","38","38","0","35","0","1","0","0","1","1","0","4"
"amplify-projectrespawnwebsite-Daniel-sandbo-amplifyDataBrandAccessPermissionNestedStac-1EDORX676JUH5","amplify-projectrespawnwebsite-Daniel-sandbox-bbfa03cf7c","amplify-projectrespawnwebsite-Daniel-sandbox-bbfa03cf7c-data7552DF31-1EWLDQ1O8WDSC","CREATE_COMPLETE","38","38","0","35","0","1","0","0","1","1","0","4"
"amplify-projectrespawnwebsite-Daniel-sandbo-amplifyDataBrandNestedStackBrandNestedStac-1NFK1DM1239GL","amplify-projectrespawnwebsite-Daniel-sandbox-bbfa03cf7c","amplify-projectrespawnwebsite-Daniel-sandbox-bbfa03cf7c-data7552DF31-1EWLDQ1O8WDSC","CREATE_COMPLETE","38","38","0","35","0","1","0","0","1","1","0","4"
"amplify-projectrespawnwebsite-Daniel-sandbo-amplifyDataConnectionStackNestedStackConne-8KR4ETDS76Y9","amplify-projectrespawnwebsite-Daniel-sandbox-bbfa03cf7c","amplify-projectrespawnwebsite-Daniel-sandbox-bbfa03cf7c-data7552DF31-1EWLDQ1O8WDSC","UPDATE_COMPLETE","109","109","0","108","0","0","0","0","0","0","0","0"
"amplify-projectrespawnwebsite-Daniel-sandbo-amplifyDataDiscordBotConfigurationNestedSt-W0NJIO5XEZC3","amplify-projectrespawnwebsite-Daniel-sandbox-bbfa03cf7c","amplify-projectrespawnwebsite-Daniel-sandbox-bbfa03cf7c-data7552DF31-1EWLDQ1O8WDSC","CREATE_COMPLETE","38","38","0","35","0","1","0","0","1","1","0","2"
"amplify-projectrespawnwebsite-Daniel-sandbo-amplifyDataEventNestedStackEventNestedStac-1L7UPYAAN5QSL","amplify-projectrespawnwebsite-Daniel-sandbox-bbfa03cf7c","amplify-projectrespawnwebsite-Daniel-sandbox-bbfa03cf7c-data7552DF31-1EWLDQ1O8WDSC","CREATE_COMPLETE","38","38","0","35","0","1","0","0","1","1","0","2"
"amplify-projectrespawnwebsite-Daniel-sandbo-amplifyDataEventSuggestionNestedStackEvent-MG6OYE761LL5","amplify-projectrespawnwebsite-Daniel-sandbox-bbfa03cf7c","amplify-projectrespawnwebsite-Daniel-sandbox-bbfa03cf7c-data7552DF31-1EWLDQ1O8WDSC","CREATE_COMPLETE","40","40","0","37","0","1","0","0","1","1","0","2"
"amplify-projectrespawnwebsite-Daniel-sandbo-amplifyDataEventTagNestedStackEventTagNest-WSLSCYHT7N0Y","amplify-projectrespawnwebsite-Daniel-sandbox-bbfa03cf7c","amplify-projectrespawnwebsite-Daniel-sandbox-bbfa03cf7c-data7552DF31-1EWLDQ1O8WDSC","CREATE_COMPLETE","38","38","0","35","0","1","0","0","1","1","0","2"
"amplify-projectrespawnwebsite-Daniel-sandbo-amplifyDataForumActivityNestedStackForumAc-1JRX0RXMR3Z5J","amplify-projectrespawnwebsite-Daniel-sandbox-bbfa03cf7c","amplify-projectrespawnwebsite-Daniel-sandbox-bbfa03cf7c-data7552DF31-1EWLDQ1O8WDSC","CREATE_COMPLETE","40","40","0","37","0","1","0","0","1","1","0","2"
"amplify-projectrespawnwebsite-Daniel-sandbo-amplifyDataForumBoardNestedStackForumBoard-IPOCJV4KIRVM","amplify-projectrespawnwebsite-Daniel-sandbox-bbfa03cf7c","amplify-projectrespawnwebsite-Daniel-sandbox-bbfa03cf7c-data7552DF31-1EWLDQ1O8WDSC","CREATE_COMPLETE","38","38","0","35","0","1","0","0","1","1","0","4"
"amplify-projectrespawnwebsite-Daniel-sandbo-amplifyDataForumCategoryNestedStackForumCa-TZ945RBDXGBH","amplify-projectrespawnwebsite-Daniel-sandbox-bbfa03cf7c","amplify-projectrespawnwebsite-Daniel-sandbox-bbfa03cf7c-data7552DF31-1EWLDQ1O8WDSC","CREATE_COMPLETE","38","38","0","35","0","1","0","0","1","1","0","4"
"amplify-projectrespawnwebsite-Daniel-sandbo-amplifyDataForumPostNestedStackForumPostNe-1SUMLZK5G7181","amplify-projectrespawnwebsite-Daniel-sandbox-bbfa03cf7c","amplify-projectrespawnwebsite-Daniel-sandbox-bbfa03cf7c-data7552DF31-1EWLDQ1O8WDSC","CREATE_COMPLETE","41","41","0","38","0","1","0","0","1","1","0","4"
"amplify-projectrespawnwebsite-Daniel-sandbo-amplifyDataForumThreadNestedStackForumThre-1K3MDUDX8Y4K4","amplify-projectrespawnwebsite-Daniel-sandbox-bbfa03cf7c","amplify-projectrespawnwebsite-Daniel-sandbox-bbfa03cf7c-data7552DF31-1EWLDQ1O8WDSC","CREATE_COMPLETE","41","41","0","38","0","1","0","0","1","1","0","4"
"amplify-projectrespawnwebsite-Daniel-sandbo-amplifyDataFulfillmentOrderNestedStackFulf-QNCXVX9V42KP","amplify-projectrespawnwebsite-Daniel-sandbox-bbfa03cf7c","amplify-projectrespawnwebsite-Daniel-sandbox-bbfa03cf7c-data7552DF31-1EWLDQ1O8WDSC","CREATE_COMPLETE","38","38","0","35","0","1","0","0","1","1","0","2"
"amplify-projectrespawnwebsite-Daniel-sandbo-amplifyDataFunctionDirectiveStackNestedSta-GB0QU4Y6A57T","amplify-projectrespawnwebsite-Daniel-sandbox-bbfa03cf7c","amplify-projectrespawnwebsite-Daniel-sandbox-bbfa03cf7c-data7552DF31-1EWLDQ1O8WDSC","UPDATE_COMPLETE","355","355","0","236","0","0","0","0","118","0","0","0"
"amplify-projectrespawnwebsite-Daniel-sandbo-amplifyDataGroupPermissionNestedStackGroup-W8RDD8G7H6RR","amplify-projectrespawnwebsite-Daniel-sandbox-bbfa03cf7c","amplify-projectrespawnwebsite-Daniel-sandbox-bbfa03cf7c-data7552DF31-1EWLDQ1O8WDSC","CREATE_COMPLETE","38","38","0","35","0","1","0","0","1","1","0","2"
"amplify-projectrespawnwebsite-Daniel-sandbo-amplifyDataMediaCollectionNestedStackMedia-O5R4F2MA29ST","amplify-projectrespawnwebsite-Daniel-sandbox-bbfa03cf7c","amplify-projectrespawnwebsite-Daniel-sandbox-bbfa03cf7c-data7552DF31-1EWLDQ1O8WDSC","CREATE_COMPLETE","38","38","0","35","0","1","0","0","1","1","0","4"
"amplify-projectrespawnwebsite-Daniel-sandbo-amplifyDataMediaItemNestedStackMediaItemNe-1DMA0AECC712X","amplify-projectrespawnwebsite-Daniel-sandbox-bbfa03cf7c","amplify-projectrespawnwebsite-Daniel-sandbox-bbfa03cf7c-data7552DF31-1EWLDQ1O8WDSC","CREATE_COMPLETE","38","38","0","35","0","1","0","0","1","1","0","4"
"amplify-projectrespawnwebsite-Daniel-sandbo-amplifyDataMerchCategoryNestedStackMerchCa-10T7AXL1JH8DM","amplify-projectrespawnwebsite-Daniel-sandbox-bbfa03cf7c","amplify-projectrespawnwebsite-Daniel-sandbox-bbfa03cf7c-data7552DF31-1EWLDQ1O8WDSC","CREATE_COMPLETE","38","38","0","35","0","1","0","0","1","1","0","4"
"amplify-projectrespawnwebsite-Daniel-sandbo-amplifyDataMerchProductBrandNestedStackMer-696GUZEMXCC0","amplify-projectrespawnwebsite-Daniel-sandbox-bbfa03cf7c","amplify-projectrespawnwebsite-Daniel-sandbox-bbfa03cf7c-data7552DF31-1EWLDQ1O8WDSC","CREATE_COMPLETE","38","38","0","35","0","1","0","0","1","1","0","4"
"amplify-projectrespawnwebsite-Daniel-sandbo-amplifyDataMerchProductCategoryNestedStack-HHVYUI75H37C","amplify-projectrespawnwebsite-Daniel-sandbox-bbfa03cf7c","amplify-projectrespawnwebsite-Daniel-sandbox-bbfa03cf7c-data7552DF31-1EWLDQ1O8WDSC","CREATE_COMPLETE","38","38","0","35","0","1","0","0","1","1","0","4"
"amplify-projectrespawnwebsite-Daniel-sandbo-amplifyDataMerchProductImageNestedStackMer-18HRQVTWO3E0H","amplify-projectrespawnwebsite-Daniel-sandbox-bbfa03cf7c","amplify-projectrespawnwebsite-Daniel-sandbox-bbfa03cf7c-data7552DF31-1EWLDQ1O8WDSC","CREATE_COMPLETE","38","38","0","35","0","1","0","0","1","1","0","4"
"amplify-projectrespawnwebsite-Daniel-sandbo-amplifyDataMerchProductNestedStackMerchPro-TBANMJMSG4EX","amplify-projectrespawnwebsite-Daniel-sandbox-bbfa03cf7c","amplify-projectrespawnwebsite-Daniel-sandbox-bbfa03cf7c-data7552DF31-1EWLDQ1O8WDSC","CREATE_COMPLETE","38","38","0","35","0","1","0","0","1","1","0","4"
"amplify-projectrespawnwebsite-Daniel-sandbo-amplifyDataMerchProductVariantNestedStackM-HQCQ9WJYC4R4","amplify-projectrespawnwebsite-Daniel-sandbox-bbfa03cf7c","amplify-projectrespawnwebsite-Daniel-sandbox-bbfa03cf7c-data7552DF31-1EWLDQ1O8WDSC","CREATE_COMPLETE","38","38","0","35","0","1","0","0","1","1","0","4"
"amplify-projectrespawnwebsite-Daniel-sandbo-amplifyDataPermissionAuditEventNestedStack-1NGXGG7KCWUY8","amplify-projectrespawnwebsite-Daniel-sandbox-bbfa03cf7c","amplify-projectrespawnwebsite-Daniel-sandbox-bbfa03cf7c-data7552DF31-1EWLDQ1O8WDSC","CREATE_COMPLETE","38","38","0","35","0","1","0","0","1","1","0","2"
"amplify-projectrespawnwebsite-Daniel-sandbo-amplifyDataPermissionDefinitionNestedStack-1C21T9F1EUQU2","amplify-projectrespawnwebsite-Daniel-sandbox-bbfa03cf7c","amplify-projectrespawnwebsite-Daniel-sandbox-bbfa03cf7c-data7552DF31-1EWLDQ1O8WDSC","CREATE_COMPLETE","38","38","0","35","0","1","0","0","1","1","0","2"
"amplify-projectrespawnwebsite-Daniel-sandbo-amplifyDataTwitchCommandNestedStackTwitchC-OILMYRG2C482","amplify-projectrespawnwebsite-Daniel-sandbox-bbfa03cf7c","amplify-projectrespawnwebsite-Daniel-sandbox-bbfa03cf7c-data7552DF31-1EWLDQ1O8WDSC","CREATE_COMPLETE","38","38","0","35","0","1","0","0","1","1","0","2"
"amplify-projectrespawnwebsite-Daniel-sandbo-amplifyDataTwitchIntegrationNestedStackTwi-DOEPN42LHRAV","amplify-projectrespawnwebsite-Daniel-sandbox-bbfa03cf7c","amplify-projectrespawnwebsite-Daniel-sandbox-bbfa03cf7c-data7552DF31-1EWLDQ1O8WDSC","CREATE_COMPLETE","38","38","0","35","0","1","0","0","1","1","0","2"
"amplify-projectrespawnwebsite-Daniel-sandbo-amplifyDataTwitchOAuthTransactionNestedSta-VUMPA5Y4OT1I","amplify-projectrespawnwebsite-Daniel-sandbox-bbfa03cf7c","amplify-projectrespawnwebsite-Daniel-sandbox-bbfa03cf7c-data7552DF31-1EWLDQ1O8WDSC","CREATE_COMPLETE","38","38","0","35","0","1","0","0","1","1","0","2"
"amplify-projectrespawnwebsite-Daniel-sandbo-amplifyDataTwitchRuntimeHealthNestedStackT-1KFFRUHOOTOSW","amplify-projectrespawnwebsite-Daniel-sandbox-bbfa03cf7c","amplify-projectrespawnwebsite-Daniel-sandbox-bbfa03cf7c-data7552DF31-1EWLDQ1O8WDSC","CREATE_COMPLETE","43","43","0","40","0","1","0","0","1","1","0","2"
"amplify-projectrespawnwebsite-Daniel-sandbo-amplifyDataTwitchTokenVaultNestedStackTwit-1M6A3TN2FX7C6","amplify-projectrespawnwebsite-Daniel-sandbox-bbfa03cf7c","amplify-projectrespawnwebsite-Daniel-sandbox-bbfa03cf7c-data7552DF31-1EWLDQ1O8WDSC","CREATE_COMPLETE","43","43","0","40","0","1","0","0","1","1","0","2"
"amplify-projectrespawnwebsite-Daniel-sandbo-amplifyDataUserProfileNestedStackUserProfi-DLC3YNPAFYKJ","amplify-projectrespawnwebsite-Daniel-sandbox-bbfa03cf7c","amplify-projectrespawnwebsite-Daniel-sandbox-bbfa03cf7c-data7552DF31-1EWLDQ1O8WDSC","CREATE_COMPLETE","41","41","0","38","0","1","0","0","1","1","0","2"
"amplify-projectrespawnwebsite-Daniel-sandbox-bbfa03cf7c","amplify-projectrespawnwebsite-Daniel-sandbox-bbfa03cf7c","","UPDATE_COMPLETE","5","5","0","0","0","0","0","0","0","0","4","35"
"amplify-projectrespawnwebsite-Daniel-sandbox-bbfa03cf7c-apistack7B433BC7-WSHRHEIPB8WC","amplify-projectrespawnwebsite-Daniel-sandbox-bbfa03cf7c","amplify-projectrespawnwebsite-Daniel-sandbox-bbfa03cf7c","CREATE_COMPLETE","42","42","0","0","0","0","0","0","0","0","0","1"
"amplify-projectrespawnwebsite-Daniel-sandbox-bbfa03cf7c-auth179371D7-1VHNVVRGURWRI","amplify-projectrespawnwebsite-Daniel-sandbox-bbfa03cf7c","amplify-projectrespawnwebsite-Daniel-sandbox-bbfa03cf7c","UPDATE_COMPLETE","37","37","2","0","0","0","14","0","18","0","0","12"
"amplify-projectrespawnwebsite-Daniel-sandbox-bbfa03cf7c-data7552DF31-1EWLDQ1O8WDSC","amplify-projectrespawnwebsite-Daniel-sandbox-bbfa03cf7c","amplify-projectrespawnwebsite-Daniel-sandbox-bbfa03cf7c","UPDATE_COMPLETE","72","72","3","4","0","0","0","4","7","4","41","6"
"amplify-projectrespawnwebsite-Daniel-sandbox-bbfa03cf7c-storage0EC3F24A-G8QAU122PT60","amplify-projectrespawnwebsite-Daniel-sandbox-bbfa03cf7c","amplify-projectrespawnwebsite-Daniel-sandbox-bbfa03cf7c","CREATE_COMPLETE","12","12","1","0","0","0","0","2","6","1","0","1"
"amplify-projectrespawnwebsite-Ntgre-sandbox-8bd9d02332","amplify-projectrespawnwebsite-Ntgre-sandbox-8bd9d02332","","UPDATE_COMPLETE","7","7","0","0","0","0","0","0","0","0","6","35"
"amplify-projectrespawnwebsite-Ntgre-sandbox-8bd9d02332-apistack7B433BC7-1E7HN2JNUSFNZ","amplify-projectrespawnwebsite-Ntgre-sandbox-8bd9d02332","amplify-projectrespawnwebsite-Ntgre-sandbox-8bd9d02332","CREATE_COMPLETE","49","49","0","0","0","0","0","0","0","0","0","1"
"amplify-projectrespawnwebsite-Ntgre-sandbox-8bd9d02332-auth179371D7-29EGF5J6TNK","amplify-projectrespawnwebsite-Ntgre-sandbox-8bd9d02332","amplify-projectrespawnwebsite-Ntgre-sandbox-8bd9d02332","CREATE_COMPLETE","37","37","2","0","0","0","14","0","18","0","0","13"
"amplify-projectrespawnwebsite-Ntgre-sandbox-8bd9d02332-data7552DF31-1IT8L0URMILU","amplify-projectrespawnwebsite-Ntgre-sandbox-8bd9d02332","amplify-projectrespawnwebsite-Ntgre-sandbox-8bd9d02332","UPDATE_COMPLETE","86","86","3","4","0","0","0","4","7","4","55","11"
"amplify-projectrespawnwebsite-Ntgre-sandbox-8bd9d02332-function1351588B-P11YAN395W7B","amplify-projectrespawnwebsite-Ntgre-sandbox-8bd9d02332","amplify-projectrespawnwebsite-Ntgre-sandbox-8bd9d02332","CREATE_COMPLETE","4","4","1","0","0","0","0","0","2","0","0","2"
"amplify-projectrespawnwebsite-Ntgre-sandbox-8bd9d02332-overlaysourcestackF7F134D8-11RZN039WXJHB","amplify-projectrespawnwebsite-Ntgre-sandbox-8bd9d02332","amplify-projectrespawnwebsite-Ntgre-sandbox-8bd9d02332","CREATE_COMPLETE","43","43","1","0","3","0","0","0","2","0","0","8"
"amplify-projectrespawnwebsite-Ntgre-sandbox-8bd9d02332-storage0EC3F24A-194EYIIT5YTKU","amplify-projectrespawnwebsite-Ntgre-sandbox-8bd9d02332","amplify-projectrespawnwebsite-Ntgre-sandbox-8bd9d02332","CREATE_COMPLETE","12","12","1","0","0","0","0","2","6","1","0","2"
"amplify-projectrespawnwebsite-Ntgre-sandbox-amplifyDataAlphaServiceNonceNestedStackAlp-1QLOZ14U4V2K7","amplify-projectrespawnwebsite-Ntgre-sandbox-8bd9d02332","amplify-projectrespawnwebsite-Ntgre-sandbox-8bd9d02332-data7552DF31-1IT8L0URMILU","CREATE_COMPLETE","43","43","0","40","0","1","0","0","1","1","0","2"
"amplify-projectrespawnwebsite-Ntgre-sandbox-amplifyDataAmplifyTableManagerNestedStackA-11MDCDAL6VB4D","amplify-projectrespawnwebsite-Ntgre-sandbox-8bd9d02332","amplify-projectrespawnwebsite-Ntgre-sandbox-8bd9d02332-data7552DF31-1IT8L0URMILU","CREATE_COMPLETE","9","9","2","0","0","0","0","0","5","0","0","1"
"amplify-projectrespawnwebsite-Ntgre-sandbox-amplifyDataApplicationAnswerNestedStackApp-13IUPR6G30449","amplify-projectrespawnwebsite-Ntgre-sandbox-8bd9d02332","amplify-projectrespawnwebsite-Ntgre-sandbox-8bd9d02332-data7552DF31-1IT8L0URMILU","CREATE_COMPLETE","42","42","0","39","0","1","0","0","1","1","0","4"
"amplify-projectrespawnwebsite-Ntgre-sandbox-amplifyDataApplicationAuditEventNestedStac-17F6NJN6DJ7WJ","amplify-projectrespawnwebsite-Ntgre-sandbox-8bd9d02332","amplify-projectrespawnwebsite-Ntgre-sandbox-8bd9d02332-data7552DF31-1IT8L0URMILU","CREATE_COMPLETE","42","42","0","39","0","1","0","0","1","1","0","4"
"amplify-projectrespawnwebsite-Ntgre-sandbox-amplifyDataApplicationCreatorProfileNested-1QF71ECB1E8V3","amplify-projectrespawnwebsite-Ntgre-sandbox-8bd9d02332","amplify-projectrespawnwebsite-Ntgre-sandbox-8bd9d02332-data7552DF31-1IT8L0URMILU","CREATE_COMPLETE","42","42","0","39","0","1","0","0","1","1","0","4"
"amplify-projectrespawnwebsite-Ntgre-sandbox-amplifyDataApplicationIdempotencyNestedSta-17TQ89N6EFY35","amplify-projectrespawnwebsite-Ntgre-sandbox-8bd9d02332","amplify-projectrespawnwebsite-Ntgre-sandbox-8bd9d02332-data7552DF31-1IT8L0URMILU","CREATE_COMPLETE","38","38","0","35","0","1","0","0","1","1","0","2"
"amplify-projectrespawnwebsite-Ntgre-sandbox-amplifyDataApplicationPublicRateLimitNeste-APQKOTCVCETA","amplify-projectrespawnwebsite-Ntgre-sandbox-8bd9d02332","amplify-projectrespawnwebsite-Ntgre-sandbox-8bd9d02332-data7552DF31-1IT8L0URMILU","CREATE_COMPLETE","38","38","0","35","0","1","0","0","1","1","0","2"
"amplify-projectrespawnwebsite-Ntgre-sandbox-amplifyDataApplicationScheduleNestedStackA-MOHWNT0DQQ2S","amplify-projectrespawnwebsite-Ntgre-sandbox-8bd9d02332","amplify-projectrespawnwebsite-Ntgre-sandbox-8bd9d02332-data7552DF31-1IT8L0URMILU","CREATE_COMPLETE","42","42","0","39","0","1","0","0","1","1","0","4"
"amplify-projectrespawnwebsite-Ntgre-sandbox-amplifyDataApplicationSubmissionNestedStac-SP7BAH4R3I8Q","amplify-projectrespawnwebsite-Ntgre-sandbox-8bd9d02332","amplify-projectrespawnwebsite-Ntgre-sandbox-8bd9d02332-data7552DF31-1IT8L0URMILU","CREATE_COMPLETE","50","50","0","47","0","1","0","0","1","1","0","4"
"amplify-projectrespawnwebsite-Ntgre-sandbox-amplifyDataBoardPermissionRuleNestedStackB-1EIFA8L7IK65U","amplify-projectrespawnwebsite-Ntgre-sandbox-8bd9d02332","amplify-projectrespawnwebsite-Ntgre-sandbox-8bd9d02332-data7552DF31-1IT8L0URMILU","CREATE_COMPLETE","38","38","0","35","0","1","0","0","1","1","0","4"
"amplify-projectrespawnwebsite-Ntgre-sandbox-amplifyDataBrandAccessNestedStackBrandAcce-FY7QBTKXJ2V5","amplify-projectrespawnwebsite-Ntgre-sandbox-8bd9d02332","amplify-projectrespawnwebsite-Ntgre-sandbox-8bd9d02332-data7552DF31-1IT8L0URMILU","CREATE_COMPLETE","38","38","0","35","0","1","0","0","1","1","0","4"
"amplify-projectrespawnwebsite-Ntgre-sandbox-amplifyDataBrandAccessPermissionNestedStac-UUABYLRAR3LQ","amplify-projectrespawnwebsite-Ntgre-sandbox-8bd9d02332","amplify-projectrespawnwebsite-Ntgre-sandbox-8bd9d02332-data7552DF31-1IT8L0URMILU","CREATE_COMPLETE","38","38","0","35","0","1","0","0","1","1","0","4"
"amplify-projectrespawnwebsite-Ntgre-sandbox-amplifyDataBrandNestedStackBrandNestedStac-8RGRVMAA8YC2","amplify-projectrespawnwebsite-Ntgre-sandbox-8bd9d02332","amplify-projectrespawnwebsite-Ntgre-sandbox-8bd9d02332-data7552DF31-1IT8L0URMILU","CREATE_COMPLETE","38","38","0","35","0","1","0","0","1","1","0","4"
"amplify-projectrespawnwebsite-Ntgre-sandbox-amplifyDataConnectionStackNestedStackConne-14SQT9B91263H","amplify-projectrespawnwebsite-Ntgre-sandbox-8bd9d02332","amplify-projectrespawnwebsite-Ntgre-sandbox-8bd9d02332-data7552DF31-1IT8L0URMILU","CREATE_COMPLETE","109","109","0","108","0","0","0","0","0","0","0","0"
"amplify-projectrespawnwebsite-Ntgre-sandbox-amplifyDataCreatorWorkspaceRecordNestedSta-13HSLWLT4DBGJ","amplify-projectrespawnwebsite-Ntgre-sandbox-8bd9d02332","amplify-projectrespawnwebsite-Ntgre-sandbox-8bd9d02332-data7552DF31-1IT8L0URMILU","CREATE_COMPLETE","42","42","0","39","0","1","0","0","1","1","0","3"
"amplify-projectrespawnwebsite-Ntgre-sandbox-amplifyDataDiscordBotConfigurationNestedSt-LQVUU7J9LI80","amplify-projectrespawnwebsite-Ntgre-sandbox-8bd9d02332","amplify-projectrespawnwebsite-Ntgre-sandbox-8bd9d02332-data7552DF31-1IT8L0URMILU","CREATE_COMPLETE","38","38","0","35","0","1","0","0","1","1","0","2"
"amplify-projectrespawnwebsite-Ntgre-sandbox-amplifyDataEventNestedStackEventNestedStac-18RFDG5DRM1MX","amplify-projectrespawnwebsite-Ntgre-sandbox-8bd9d02332","amplify-projectrespawnwebsite-Ntgre-sandbox-8bd9d02332-data7552DF31-1IT8L0URMILU","CREATE_COMPLETE","38","38","0","35","0","1","0","0","1","1","0","2"
"amplify-projectrespawnwebsite-Ntgre-sandbox-amplifyDataEventSuggestionNestedStackEvent-1CI9RHWHY9BV9","amplify-projectrespawnwebsite-Ntgre-sandbox-8bd9d02332","amplify-projectrespawnwebsite-Ntgre-sandbox-8bd9d02332-data7552DF31-1IT8L0URMILU","CREATE_COMPLETE","40","40","0","37","0","1","0","0","1","1","0","2"
"amplify-projectrespawnwebsite-Ntgre-sandbox-amplifyDataEventTagNestedStackEventTagNest-737IG4DYC2PL","amplify-projectrespawnwebsite-Ntgre-sandbox-8bd9d02332","amplify-projectrespawnwebsite-Ntgre-sandbox-8bd9d02332-data7552DF31-1IT8L0URMILU","CREATE_COMPLETE","38","38","0","35","0","1","0","0","1","1","0","2"
"amplify-projectrespawnwebsite-Ntgre-sandbox-amplifyDataForumActivityNestedStackForumAc-1KJW3GQ4OX1OW","amplify-projectrespawnwebsite-Ntgre-sandbox-8bd9d02332","amplify-projectrespawnwebsite-Ntgre-sandbox-8bd9d02332-data7552DF31-1IT8L0URMILU","CREATE_COMPLETE","40","40","0","37","0","1","0","0","1","1","0","2"
"amplify-projectrespawnwebsite-Ntgre-sandbox-amplifyDataForumBoardNestedStackForumBoard-1PCQXC9CL4RO","amplify-projectrespawnwebsite-Ntgre-sandbox-8bd9d02332","amplify-projectrespawnwebsite-Ntgre-sandbox-8bd9d02332-data7552DF31-1IT8L0URMILU","CREATE_COMPLETE","38","38","0","35","0","1","0","0","1","1","0","4"
"amplify-projectrespawnwebsite-Ntgre-sandbox-amplifyDataForumCategoryNestedStackForumCa-1EOR1WM67HK4Z","amplify-projectrespawnwebsite-Ntgre-sandbox-8bd9d02332","amplify-projectrespawnwebsite-Ntgre-sandbox-8bd9d02332-data7552DF31-1IT8L0URMILU","CREATE_COMPLETE","38","38","0","35","0","1","0","0","1","1","0","4"
"amplify-projectrespawnwebsite-Ntgre-sandbox-amplifyDataForumPostNestedStackForumPostNe-1THTUDPS84PPM","amplify-projectrespawnwebsite-Ntgre-sandbox-8bd9d02332","amplify-projectrespawnwebsite-Ntgre-sandbox-8bd9d02332-data7552DF31-1IT8L0URMILU","CREATE_COMPLETE","41","41","0","38","0","1","0","0","1","1","0","4"
"amplify-projectrespawnwebsite-Ntgre-sandbox-amplifyDataForumThreadNestedStackForumThre-1OVNN240N4AMW","amplify-projectrespawnwebsite-Ntgre-sandbox-8bd9d02332","amplify-projectrespawnwebsite-Ntgre-sandbox-8bd9d02332-data7552DF31-1IT8L0URMILU","CREATE_COMPLETE","41","41","0","38","0","1","0","0","1","1","0","4"
"amplify-projectrespawnwebsite-Ntgre-sandbox-amplifyDataFulfillmentOrderNestedStackFulf-19CCN2HVV52UG","amplify-projectrespawnwebsite-Ntgre-sandbox-8bd9d02332","amplify-projectrespawnwebsite-Ntgre-sandbox-8bd9d02332-data7552DF31-1IT8L0URMILU","CREATE_COMPLETE","38","38","0","35","0","1","0","0","1","1","0","2"
"amplify-projectrespawnwebsite-Ntgre-sandbox-amplifyDataFunctionDirectiveStackNestedSta-YEHESWWG7XHS","amplify-projectrespawnwebsite-Ntgre-sandbox-8bd9d02332","amplify-projectrespawnwebsite-Ntgre-sandbox-8bd9d02332-data7552DF31-1IT8L0URMILU","UPDATE_COMPLETE","475","475","0","316","0","0","0","0","158","0","0","0"
"amplify-projectrespawnwebsite-Ntgre-sandbox-amplifyDataGroupPermissionNestedStackGroup-YOWCHNM4PMDD","amplify-projectrespawnwebsite-Ntgre-sandbox-8bd9d02332","amplify-projectrespawnwebsite-Ntgre-sandbox-8bd9d02332-data7552DF31-1IT8L0URMILU","CREATE_COMPLETE","38","38","0","35","0","1","0","0","1","1","0","2"
"amplify-projectrespawnwebsite-Ntgre-sandbox-amplifyDataInvestorAccessAuditEventNestedS-S4W1L1GSWH1S","amplify-projectrespawnwebsite-Ntgre-sandbox-8bd9d02332","amplify-projectrespawnwebsite-Ntgre-sandbox-8bd9d02332-data7552DF31-1IT8L0URMILU","CREATE_COMPLETE","38","38","0","35","0","1","0","0","1","1","0","2"
"amplify-projectrespawnwebsite-Ntgre-sandbox-amplifyDataInvestorAccessNestedStackInvest-YUVLR597GD0G","amplify-projectrespawnwebsite-Ntgre-sandbox-8bd9d02332","amplify-projectrespawnwebsite-Ntgre-sandbox-8bd9d02332-data7552DF31-1IT8L0URMILU","CREATE_COMPLETE","42","42","0","39","0","1","0","0","1","1","0","2"
"amplify-projectrespawnwebsite-Ntgre-sandbox-amplifyDataInvestorAccessRequestNestedStac-1I8NAXAL4H75F","amplify-projectrespawnwebsite-Ntgre-sandbox-8bd9d02332","amplify-projectrespawnwebsite-Ntgre-sandbox-8bd9d02332-data7552DF31-1IT8L0URMILU","CREATE_COMPLETE","46","46","0","43","0","1","0","0","1","1","0","2"
"amplify-projectrespawnwebsite-Ntgre-sandbox-amplifyDataMediaCollectionNestedStackMedia-1XQJV1IB641DT","amplify-projectrespawnwebsite-Ntgre-sandbox-8bd9d02332","amplify-projectrespawnwebsite-Ntgre-sandbox-8bd9d02332-data7552DF31-1IT8L0URMILU","CREATE_COMPLETE","38","38","0","35","0","1","0","0","1","1","0","4"
"amplify-projectrespawnwebsite-Ntgre-sandbox-amplifyDataMediaItemNestedStackMediaItemNe-1CSA9MP7VMVZU","amplify-projectrespawnwebsite-Ntgre-sandbox-8bd9d02332","amplify-projectrespawnwebsite-Ntgre-sandbox-8bd9d02332-data7552DF31-1IT8L0URMILU","CREATE_COMPLETE","38","38","0","35","0","1","0","0","1","1","0","4"
"amplify-projectrespawnwebsite-Ntgre-sandbox-amplifyDataMerchCategoryNestedStackMerchCa-WTCPHSCGWFKY","amplify-projectrespawnwebsite-Ntgre-sandbox-8bd9d02332","amplify-projectrespawnwebsite-Ntgre-sandbox-8bd9d02332-data7552DF31-1IT8L0URMILU","CREATE_COMPLETE","38","38","0","35","0","1","0","0","1","1","0","4"
"amplify-projectrespawnwebsite-Ntgre-sandbox-amplifyDataMerchProductBrandNestedStackMer-1OZBR5Y33V2X2","amplify-projectrespawnwebsite-Ntgre-sandbox-8bd9d02332","amplify-projectrespawnwebsite-Ntgre-sandbox-8bd9d02332-data7552DF31-1IT8L0URMILU","CREATE_COMPLETE","38","38","0","35","0","1","0","0","1","1","0","4"
"amplify-projectrespawnwebsite-Ntgre-sandbox-amplifyDataMerchProductCategoryNestedStack-1DWXBY78GY0GT","amplify-projectrespawnwebsite-Ntgre-sandbox-8bd9d02332","amplify-projectrespawnwebsite-Ntgre-sandbox-8bd9d02332-data7552DF31-1IT8L0URMILU","CREATE_COMPLETE","38","38","0","35","0","1","0","0","1","1","0","4"
"amplify-projectrespawnwebsite-Ntgre-sandbox-amplifyDataMerchProductImageNestedStackMer-TY41JHKTHP6Y","amplify-projectrespawnwebsite-Ntgre-sandbox-8bd9d02332","amplify-projectrespawnwebsite-Ntgre-sandbox-8bd9d02332-data7552DF31-1IT8L0URMILU","CREATE_COMPLETE","38","38","0","35","0","1","0","0","1","1","0","4"
"amplify-projectrespawnwebsite-Ntgre-sandbox-amplifyDataMerchProductNestedStackMerchPro-1TGFUUPFFPBM9","amplify-projectrespawnwebsite-Ntgre-sandbox-8bd9d02332","amplify-projectrespawnwebsite-Ntgre-sandbox-8bd9d02332-data7552DF31-1IT8L0URMILU","CREATE_COMPLETE","38","38","0","35","0","1","0","0","1","1","0","4"
"amplify-projectrespawnwebsite-Ntgre-sandbox-amplifyDataMerchProductVariantNestedStackM-9W53RFLOJ5X2","amplify-projectrespawnwebsite-Ntgre-sandbox-8bd9d02332","amplify-projectrespawnwebsite-Ntgre-sandbox-8bd9d02332-data7552DF31-1IT8L0URMILU","CREATE_COMPLETE","38","38","0","35","0","1","0","0","1","1","0","4"
"amplify-projectrespawnwebsite-Ntgre-sandbox-amplifyDataPermissionAuditEventNestedStack-1A0PXGESI1P14","amplify-projectrespawnwebsite-Ntgre-sandbox-8bd9d02332","amplify-projectrespawnwebsite-Ntgre-sandbox-8bd9d02332-data7552DF31-1IT8L0URMILU","CREATE_COMPLETE","38","38","0","35","0","1","0","0","1","1","0","2"
"amplify-projectrespawnwebsite-Ntgre-sandbox-amplifyDataPermissionDefinitionNestedStack-1ITRJ4HE2951Q","amplify-projectrespawnwebsite-Ntgre-sandbox-8bd9d02332","amplify-projectrespawnwebsite-Ntgre-sandbox-8bd9d02332-data7552DF31-1IT8L0URMILU","CREATE_COMPLETE","38","38","0","35","0","1","0","0","1","1","0","2"
"amplify-projectrespawnwebsite-Ntgre-sandbox-amplifyDataPlayerChampionPoolEntryNestedSt-7CZOVYLEJDGR","amplify-projectrespawnwebsite-Ntgre-sandbox-8bd9d02332","amplify-projectrespawnwebsite-Ntgre-sandbox-8bd9d02332-data7552DF31-1IT8L0URMILU","CREATE_COMPLETE","46","46","0","43","0","1","0","0","1","1","0","2"
"amplify-projectrespawnwebsite-Ntgre-sandbox-amplifyDataRewardRedemptionEventClaimNeste-6HL7DVK6VT84","amplify-projectrespawnwebsite-Ntgre-sandbox-8bd9d02332","amplify-projectrespawnwebsite-Ntgre-sandbox-8bd9d02332-data7552DF31-1IT8L0URMILU","CREATE_COMPLETE","43","43","0","40","0","1","0","0","1","1","0","2"
"amplify-projectrespawnwebsite-Ntgre-sandbox-amplifyDataRewardRedemptionEventNestedStac-1VFMYQ8KVRM69","amplify-projectrespawnwebsite-Ntgre-sandbox-8bd9d02332","amplify-projectrespawnwebsite-Ntgre-sandbox-8bd9d02332-data7552DF31-1IT8L0URMILU","CREATE_COMPLETE","43","43","0","40","0","1","0","0","1","1","0","2"
"amplify-projectrespawnwebsite-Ntgre-sandbox-amplifyDataTeamMembershipNestedStackTeamMe-WCZXVS62U7CN","amplify-projectrespawnwebsite-Ntgre-sandbox-8bd9d02332","amplify-projectrespawnwebsite-Ntgre-sandbox-8bd9d02332-data7552DF31-1IT8L0URMILU","CREATE_COMPLETE","46","46","0","43","0","1","0","0","1","1","0","3"
"amplify-projectrespawnwebsite-Ntgre-sandbox-amplifyDataTeamNestedStackTeamNestedStackR-1JDKU82MS8003","amplify-projectrespawnwebsite-Ntgre-sandbox-8bd9d02332","amplify-projectrespawnwebsite-Ntgre-sandbox-8bd9d02332-data7552DF31-1IT8L0URMILU","CREATE_COMPLETE","46","46","0","43","0","1","0","0","1","1","0","3"
"amplify-projectrespawnwebsite-Ntgre-sandbox-amplifyDataTeamRosterSlotNestedStackTeamRo-14YH10PBU6UWL","amplify-projectrespawnwebsite-Ntgre-sandbox-8bd9d02332","amplify-projectrespawnwebsite-Ntgre-sandbox-8bd9d02332-data7552DF31-1IT8L0URMILU","CREATE_COMPLETE","46","46","0","43","0","1","0","0","1","1","0","3"
"amplify-projectrespawnwebsite-Ntgre-sandbox-amplifyDataTwitchCommandNestedStackTwitchC-W4IOYPK3WTV8","amplify-projectrespawnwebsite-Ntgre-sandbox-8bd9d02332","amplify-projectrespawnwebsite-Ntgre-sandbox-8bd9d02332-data7552DF31-1IT8L0URMILU","CREATE_COMPLETE","38","38","0","35","0","1","0","0","1","1","0","2"
"amplify-projectrespawnwebsite-Ntgre-sandbox-amplifyDataTwitchIntegrationNestedStackTwi-YSFLZV03VCBQ","amplify-projectrespawnwebsite-Ntgre-sandbox-8bd9d02332","amplify-projectrespawnwebsite-Ntgre-sandbox-8bd9d02332-data7552DF31-1IT8L0URMILU","CREATE_COMPLETE","38","38","0","35","0","1","0","0","1","1","0","2"
"amplify-projectrespawnwebsite-Ntgre-sandbox-amplifyDataTwitchOAuthTransactionNestedSta-1WLFCZT6BR0VI","amplify-projectrespawnwebsite-Ntgre-sandbox-8bd9d02332","amplify-projectrespawnwebsite-Ntgre-sandbox-8bd9d02332-data7552DF31-1IT8L0URMILU","CREATE_COMPLETE","38","38","0","35","0","1","0","0","1","1","0","2"
"amplify-projectrespawnwebsite-Ntgre-sandbox-amplifyDataTwitchRuntimeHealthNestedStackT-IFOY4ZMH5GHJ","amplify-projectrespawnwebsite-Ntgre-sandbox-8bd9d02332","amplify-projectrespawnwebsite-Ntgre-sandbox-8bd9d02332-data7552DF31-1IT8L0URMILU","CREATE_COMPLETE","43","43","0","40","0","1","0","0","1","1","0","2"
"amplify-projectrespawnwebsite-Ntgre-sandbox-amplifyDataTwitchTokenVaultNestedStackTwit-WKBEWIT1UDV1","amplify-projectrespawnwebsite-Ntgre-sandbox-8bd9d02332","amplify-projectrespawnwebsite-Ntgre-sandbox-8bd9d02332-data7552DF31-1IT8L0URMILU","CREATE_COMPLETE","43","43","0","40","0","1","0","0","1","1","0","2"
"amplify-projectrespawnwebsite-Ntgre-sandbox-amplifyDataUserProfileNestedStackUserProfi-1N1L9N5L89W4E","amplify-projectrespawnwebsite-Ntgre-sandbox-8bd9d02332","amplify-projectrespawnwebsite-Ntgre-sandbox-8bd9d02332-data7552DF31-1IT8L0URMILU","CREATE_COMPLETE","41","41","0","38","0","1","0","0","1","1","0","2"
"amplify-projectrespawnwebsite-Ntgre-sandbox-amplifyDataWorkspaceMembershipNestedStackW-8QPM2OKM0CKW","amplify-projectrespawnwebsite-Ntgre-sandbox-8bd9d02332","amplify-projectrespawnwebsite-Ntgre-sandbox-8bd9d02332-data7552DF31-1IT8L0URMILU","CREATE_COMPLETE","42","42","0","39","0","1","0","0","1","1","0","2"
"amplify-projectrespawnwebsite-Ntgre-sandbox-amplifyDataWorkspaceMembershipPermissionNe-1A95LWNM73OVD","amplify-projectrespawnwebsite-Ntgre-sandbox-8bd9d02332","amplify-projectrespawnwebsite-Ntgre-sandbox-8bd9d02332-data7552DF31-1IT8L0URMILU","CREATE_COMPLETE","42","42","0","39","0","1","0","0","1","1","0","2"
"amplify-projectrespawnwebsite-Ntgre-sandbox-amplifyDataWorkspaceMembershipPermissionSe-EIVOMDMIOY6P","amplify-projectrespawnwebsite-Ntgre-sandbox-8bd9d02332","amplify-projectrespawnwebsite-Ntgre-sandbox-8bd9d02332-data7552DF31-1IT8L0URMILU","CREATE_COMPLETE","38","38","0","35","0","1","0","0","1","1","0","2"
"amplify-projectrespawnwebsite-Ntgrestage8-s-amplifyDataAmplifyTableManagerNestedStackA-CDN4QNJKG66N","amplify-projectrespawnwebsite-Ntgrestage8-sandbox-583d036e70","amplify-projectrespawnwebsite-Ntgrestage8-sandbox-583d036e70-data7552DF31-GOEJQD87E9M","CREATE_COMPLETE","9","9","2","0","0","0","0","0","5","0","0","1"
"amplify-projectrespawnwebsite-Ntgrestage8-s-amplifyDataBoardPermissionRuleNestedStackB-1CT82ZKQP90VT","amplify-projectrespawnwebsite-Ntgrestage8-sandbox-583d036e70","amplify-projectrespawnwebsite-Ntgrestage8-sandbox-583d036e70-data7552DF31-GOEJQD87E9M","CREATE_COMPLETE","38","38","0","35","0","1","0","0","1","1","0","4"
"amplify-projectrespawnwebsite-Ntgrestage8-s-amplifyDataBrandAccessNestedStackBrandAcce-AXP6WA4K30ZC","amplify-projectrespawnwebsite-Ntgrestage8-sandbox-583d036e70","amplify-projectrespawnwebsite-Ntgrestage8-sandbox-583d036e70-data7552DF31-GOEJQD87E9M","CREATE_COMPLETE","38","38","0","35","0","1","0","0","1","1","0","4"
"amplify-projectrespawnwebsite-Ntgrestage8-s-amplifyDataBrandAccessPermissionNestedStac-906GMCGFCK9H","amplify-projectrespawnwebsite-Ntgrestage8-sandbox-583d036e70","amplify-projectrespawnwebsite-Ntgrestage8-sandbox-583d036e70-data7552DF31-GOEJQD87E9M","CREATE_COMPLETE","38","38","0","35","0","1","0","0","1","1","0","4"
"amplify-projectrespawnwebsite-Ntgrestage8-s-amplifyDataBrandNestedStackBrandNestedStac-1ROG7V6ZFR0Y","amplify-projectrespawnwebsite-Ntgrestage8-sandbox-583d036e70","amplify-projectrespawnwebsite-Ntgrestage8-sandbox-583d036e70-data7552DF31-GOEJQD87E9M","CREATE_COMPLETE","38","38","0","35","0","1","0","0","1","1","0","4"
"amplify-projectrespawnwebsite-Ntgrestage8-s-amplifyDataConnectionStackNestedStackConne-19BFGAEXOPEQS","amplify-projectrespawnwebsite-Ntgrestage8-sandbox-583d036e70","amplify-projectrespawnwebsite-Ntgrestage8-sandbox-583d036e70-data7552DF31-GOEJQD87E9M","UPDATE_COMPLETE","85","85","0","84","0","0","0","0","0","0","0","0"
"amplify-projectrespawnwebsite-Ntgrestage8-s-amplifyDataDiscordBotConfigurationNestedSt-1VTTK7A47YUSM","amplify-projectrespawnwebsite-Ntgrestage8-sandbox-583d036e70","amplify-projectrespawnwebsite-Ntgrestage8-sandbox-583d036e70-data7552DF31-GOEJQD87E9M","UPDATE_COMPLETE","38","38","0","35","0","1","0","0","1","1","0","2"
"amplify-projectrespawnwebsite-Ntgrestage8-s-amplifyDataEventNestedStackEventNestedStac-6651XZA76ENY","amplify-projectrespawnwebsite-Ntgrestage8-sandbox-583d036e70","amplify-projectrespawnwebsite-Ntgrestage8-sandbox-583d036e70-data7552DF31-GOEJQD87E9M","CREATE_COMPLETE","38","38","0","35","0","1","0","0","1","1","0","2"
"amplify-projectrespawnwebsite-Ntgrestage8-s-amplifyDataEventSuggestionNestedStackEvent-RLUHHZT1Q8M7","amplify-projectrespawnwebsite-Ntgrestage8-sandbox-583d036e70","amplify-projectrespawnwebsite-Ntgrestage8-sandbox-583d036e70-data7552DF31-GOEJQD87E9M","UPDATE_COMPLETE","40","40","0","37","0","1","0","0","1","1","0","2"
"amplify-projectrespawnwebsite-Ntgrestage8-s-amplifyDataEventTagNestedStackEventTagNest-1G09Q877TKJK3","amplify-projectrespawnwebsite-Ntgrestage8-sandbox-583d036e70","amplify-projectrespawnwebsite-Ntgrestage8-sandbox-583d036e70-data7552DF31-GOEJQD87E9M","UPDATE_COMPLETE","38","38","0","35","0","1","0","0","1","1","0","2"
"amplify-projectrespawnwebsite-Ntgrestage8-s-amplifyDataForumActivityNestedStackForumAc-FWN3LLHVMDL5","amplify-projectrespawnwebsite-Ntgrestage8-sandbox-583d036e70","amplify-projectrespawnwebsite-Ntgrestage8-sandbox-583d036e70-data7552DF31-GOEJQD87E9M","CREATE_COMPLETE","40","40","0","37","0","1","0","0","1","1","0","2"
"amplify-projectrespawnwebsite-Ntgrestage8-s-amplifyDataForumBoardNestedStackForumBoard-1PQ4O5AJXDAPX","amplify-projectrespawnwebsite-Ntgrestage8-sandbox-583d036e70","amplify-projectrespawnwebsite-Ntgrestage8-sandbox-583d036e70-data7552DF31-GOEJQD87E9M","UPDATE_COMPLETE","38","38","0","35","0","1","0","0","1","1","0","4"
"amplify-projectrespawnwebsite-Ntgrestage8-s-amplifyDataForumCategoryNestedStackForumCa-D3GR192HDAEC","amplify-projectrespawnwebsite-Ntgrestage8-sandbox-583d036e70","amplify-projectrespawnwebsite-Ntgrestage8-sandbox-583d036e70-data7552DF31-GOEJQD87E9M","UPDATE_COMPLETE","38","38","0","35","0","1","0","0","1","1","0","4"
"amplify-projectrespawnwebsite-Ntgrestage8-s-amplifyDataForumPostNestedStackForumPostNe-9VGJYYDKQ3MZ","amplify-projectrespawnwebsite-Ntgrestage8-sandbox-583d036e70","amplify-projectrespawnwebsite-Ntgrestage8-sandbox-583d036e70-data7552DF31-GOEJQD87E9M","UPDATE_COMPLETE","41","41","0","38","0","1","0","0","1","1","0","4"
"amplify-projectrespawnwebsite-Ntgrestage8-s-amplifyDataForumThreadNestedStackForumThre-16IENE1HEOI4Q","amplify-projectrespawnwebsite-Ntgrestage8-sandbox-583d036e70","amplify-projectrespawnwebsite-Ntgrestage8-sandbox-583d036e70-data7552DF31-GOEJQD87E9M","UPDATE_COMPLETE","41","41","0","38","0","1","0","0","1","1","0","4"
"amplify-projectrespawnwebsite-Ntgrestage8-s-amplifyDataFulfillmentOrderNestedStackFulf-ZIZV09MHIGND","amplify-projectrespawnwebsite-Ntgrestage8-sandbox-583d036e70","amplify-projectrespawnwebsite-Ntgrestage8-sandbox-583d036e70-data7552DF31-GOEJQD87E9M","UPDATE_COMPLETE","38","38","0","35","0","1","0","0","1","1","0","2"
"amplify-projectrespawnwebsite-Ntgrestage8-s-amplifyDataFunctionDirectiveStackNestedSta-1YRD7T0AJD3P","amplify-projectrespawnwebsite-Ntgrestage8-sandbox-583d036e70","amplify-projectrespawnwebsite-Ntgrestage8-sandbox-583d036e70-data7552DF31-GOEJQD87E9M","UPDATE_COMPLETE","307","307","0","204","0","0","0","0","102","0","0","0"
"amplify-projectrespawnwebsite-Ntgrestage8-s-amplifyDataGroupPermissionNestedStackGroup-BDA7E91VCTID","amplify-projectrespawnwebsite-Ntgrestage8-sandbox-583d036e70","amplify-projectrespawnwebsite-Ntgrestage8-sandbox-583d036e70-data7552DF31-GOEJQD87E9M","CREATE_COMPLETE","38","38","0","35","0","1","0","0","1","1","0","2"
"amplify-projectrespawnwebsite-Ntgrestage8-s-amplifyDataMediaCollectionNestedStackMedia-V58LT2OIUKP3","amplify-projectrespawnwebsite-Ntgrestage8-sandbox-583d036e70","amplify-projectrespawnwebsite-Ntgrestage8-sandbox-583d036e70-data7552DF31-GOEJQD87E9M","UPDATE_COMPLETE","38","38","0","35","0","1","0","0","1","1","0","4"
"amplify-projectrespawnwebsite-Ntgrestage8-s-amplifyDataMediaItemNestedStackMediaItemNe-17CHXFDERO1VZ","amplify-projectrespawnwebsite-Ntgrestage8-sandbox-583d036e70","amplify-projectrespawnwebsite-Ntgrestage8-sandbox-583d036e70-data7552DF31-GOEJQD87E9M","UPDATE_COMPLETE","38","38","0","35","0","1","0","0","1","1","0","4"
"amplify-projectrespawnwebsite-Ntgrestage8-s-amplifyDataMerchCategoryNestedStackMerchCa-AJ7LEI8T886W","amplify-projectrespawnwebsite-Ntgrestage8-sandbox-583d036e70","amplify-projectrespawnwebsite-Ntgrestage8-sandbox-583d036e70-data7552DF31-GOEJQD87E9M","UPDATE_COMPLETE","38","38","0","35","0","1","0","0","1","1","0","4"
"amplify-projectrespawnwebsite-Ntgrestage8-s-amplifyDataMerchProductBrandNestedStackMer-1CFG6QUU1YJN9","amplify-projectrespawnwebsite-Ntgrestage8-sandbox-583d036e70","amplify-projectrespawnwebsite-Ntgrestage8-sandbox-583d036e70-data7552DF31-GOEJQD87E9M","CREATE_COMPLETE","38","38","0","35","0","1","0","0","1","1","0","4"
"amplify-projectrespawnwebsite-Ntgrestage8-s-amplifyDataMerchProductCategoryNestedStack-WK8A64MI0CMO","amplify-projectrespawnwebsite-Ntgrestage8-sandbox-583d036e70","amplify-projectrespawnwebsite-Ntgrestage8-sandbox-583d036e70-data7552DF31-GOEJQD87E9M","CREATE_COMPLETE","38","38","0","35","0","1","0","0","1","1","0","4"
"amplify-projectrespawnwebsite-Ntgrestage8-s-amplifyDataMerchProductImageNestedStackMer-V3L45CTVYCOX","amplify-projectrespawnwebsite-Ntgrestage8-sandbox-583d036e70","amplify-projectrespawnwebsite-Ntgrestage8-sandbox-583d036e70-data7552DF31-GOEJQD87E9M","CREATE_COMPLETE","38","38","0","35","0","1","0","0","1","1","0","4"
"amplify-projectrespawnwebsite-Ntgrestage8-s-amplifyDataMerchProductNestedStackMerchPro-1FJDAU8RXVY5K","amplify-projectrespawnwebsite-Ntgrestage8-sandbox-583d036e70","amplify-projectrespawnwebsite-Ntgrestage8-sandbox-583d036e70-data7552DF31-GOEJQD87E9M","CREATE_COMPLETE","38","38","0","35","0","1","0","0","1","1","0","4"
"amplify-projectrespawnwebsite-Ntgrestage8-s-amplifyDataMerchProductVariantNestedStackM-X3MNWBBI0DIN","amplify-projectrespawnwebsite-Ntgrestage8-sandbox-583d036e70","amplify-projectrespawnwebsite-Ntgrestage8-sandbox-583d036e70-data7552DF31-GOEJQD87E9M","CREATE_COMPLETE","38","38","0","35","0","1","0","0","1","1","0","4"
"amplify-projectrespawnwebsite-Ntgrestage8-s-amplifyDataPermissionAuditEventNestedStack-1GKJWW4JHEMFC","amplify-projectrespawnwebsite-Ntgrestage8-sandbox-583d036e70","amplify-projectrespawnwebsite-Ntgrestage8-sandbox-583d036e70-data7552DF31-GOEJQD87E9M","CREATE_COMPLETE","38","38","0","35","0","1","0","0","1","1","0","2"
"amplify-projectrespawnwebsite-Ntgrestage8-s-amplifyDataPermissionDefinitionNestedStack-OR8PFJGCOOK0","amplify-projectrespawnwebsite-Ntgrestage8-sandbox-583d036e70","amplify-projectrespawnwebsite-Ntgrestage8-sandbox-583d036e70-data7552DF31-GOEJQD87E9M","CREATE_COMPLETE","38","38","0","35","0","1","0","0","1","1","0","2"
"amplify-projectrespawnwebsite-Ntgrestage8-s-amplifyDataTwitchCommandNestedStackTwitchC-4VJHY3N5ORCU","amplify-projectrespawnwebsite-Ntgrestage8-sandbox-583d036e70","amplify-projectrespawnwebsite-Ntgrestage8-sandbox-583d036e70-data7552DF31-GOEJQD87E9M","CREATE_COMPLETE","38","38","0","35","0","1","0","0","1","1","0","2"
"amplify-projectrespawnwebsite-Ntgrestage8-s-amplifyDataUserProfileNestedStackUserProfi-1DCM1H0MLUU5M","amplify-projectrespawnwebsite-Ntgrestage8-sandbox-583d036e70","amplify-projectrespawnwebsite-Ntgrestage8-sandbox-583d036e70-data7552DF31-GOEJQD87E9M","CREATE_COMPLETE","41","41","0","38","0","1","0","0","1","1","0","2"
"amplify-projectrespawnwebsite-Ntgrestage8-sandbox-583d036e70","amplify-projectrespawnwebsite-Ntgrestage8-sandbox-583d036e70","","UPDATE_COMPLETE","5","5","0","0","0","0","0","0","0","0","4","35"
"amplify-projectrespawnwebsite-Ntgrestage8-sandbox-583d036e70-apistack7B433BC7-12HKWH5B6SNKR","amplify-projectrespawnwebsite-Ntgrestage8-sandbox-583d036e70","amplify-projectrespawnwebsite-Ntgrestage8-sandbox-583d036e70","UPDATE_COMPLETE","22","22","0","0","0","0","0","0","0","0","0","1"
"amplify-projectrespawnwebsite-Ntgrestage8-sandbox-583d036e70-auth179371D7-8JZI4ES7ASO4","amplify-projectrespawnwebsite-Ntgrestage8-sandbox-583d036e70","amplify-projectrespawnwebsite-Ntgrestage8-sandbox-583d036e70","CREATE_COMPLETE","37","37","2","0","0","0","14","0","18","0","0","12"
"amplify-projectrespawnwebsite-Ntgrestage8-sandbox-583d036e70-data7552DF31-GOEJQD87E9M","amplify-projectrespawnwebsite-Ntgrestage8-sandbox-583d036e70","amplify-projectrespawnwebsite-Ntgrestage8-sandbox-583d036e70","UPDATE_COMPLETE","59","59","3","4","0","0","0","4","7","4","30","6"
"amplify-projectrespawnwebsite-Ntgrestage8-sandbox-583d036e70-storage0EC3F24A-1UQU9HKRSJUI8","amplify-projectrespawnwebsite-Ntgrestage8-sandbox-583d036e70","amplify-projectrespawnwebsite-Ntgrestage8-sandbox-583d036e70","CREATE_COMPLETE","12","12","1","0","0","0","0","2","6","1","0","1"
"CDKToolkit","CDKToolkit","","CREATE_COMPLETE","14","11","0","0","0","0","0","2","8","0","0","5"
"ProjectRespawnTwitchRuntimeStaging","ProjectRespawnTwitchRuntimeStaging","","CREATE_COMPLETE","20","13","1","0","0","0","0","0","4","0","0","2"
"swg-private-test","swg-private-test","","UPDATE_COMPLETE","19","19","0","0","0","0","0","2","2","0","0","7"
